<?xml version="1.0" encoding="UTF-8"?><StructureDefinition xmlns="http://hl7.org/fhir"><id value="VerifiableCredentialBase"/><text><status value="extensions"/><div xmlns="http://www.w3.org/1999/xhtml"><table border="0" cellpadding="0" cellspacing="0" style="border: 0px #F0F0F0 solid; font-size: 11px; font-family: verdana; vertical-align: top;"><tr style="border: 1px #F0F0F0 solid; font-size: 11px; font-family: verdana; vertical-align: top"><th style="vertical-align: top; text-align : left; background-color: white; border: 0px #F0F0F0 solid; padding:0px 4px 0px 4px" class="hierarchy"><a href="https://build.fhir.org/ig/FHIR/ig-guidance/readingIgs.html#table-views" title="The logical name of the element">Name</a></th><th style="vertical-align: top; text-align : left; background-color: white; border: 0px #F0F0F0 solid; padding:0px 4px 0px 4px" class="hierarchy"><a href="https://build.fhir.org/ig/FHIR/ig-guidance/readingIgs.html#table-views" title="Information about the use of the element">Flags</a></th><th style="vertical-align: top; text-align : left; background-color: white; border: 0px #F0F0F0 solid; padding:0px 4px 0px 4px" class="hierarchy"><a href="https://build.fhir.org/ig/FHIR/ig-guidance/readingIgs.html#table-views" title="Minimum and Maximum # of times the the element can appear in the instance">Card.</a></th><th style="width: 100px" class="hierarchy"><a href="https://build.fhir.org/ig/FHIR/ig-guidance/readingIgs.html#table-views" title="Reference to the type of the element">Type</a></th><th style="vertical-align: top; text-align : left; background-color: white; border: 0px #F0F0F0 solid; padding:0px 4px 0px 4px" class="hierarchy"><a href="https://build.fhir.org/ig/FHIR/ig-guidance/readingIgs.html#table-views" title="Additional information about the element">Description &amp; Constraints</a><span style="float: right"><a href="https://build.fhir.org/ig/FHIR/ig-guidance/readingIgs.html#table-views" title="Legend for this format"><img src="http://hl7.org/fhir/R4/help16.png" alt="doco" style="background-color: inherit"/></a></span></th></tr><tr style="border: 0px #F0F0F0 solid; padding:0px; vertical-align: top; background-color: white"><td style="vertical-align: top; text-align : left; background-color: white; border: 0px #F0F0F0 solid; padding:0px 4px 0px 4px; white-space: nowrap; background-image: url(tbl_bck1.png)" class="hierarchy"><img src="tbl_spacer.png" alt="." style="background-color: inherit" class="hierarchy"/><img src="icon_element.gif" alt="." style="background-color: white; background-color: inherit" title="Element" class="hierarchy"/> <a href="StructureDefinition-VerifiableCredentialBase-definitions.html#VerifiableCredentialBase" title="Base Logical Model for Verifiable Credentials. Omits the credentialSubject.  Non-abstract should be instantiated for each credentialSubject schema">VerifiableCredentialBase</a><a name="VerifiableCredentialBase"> </a></td><td style="vertical-align: top; text-align : left; background-color: white; border: 0px #F0F0F0 solid; padding:0px 4px 0px 4px" class="hierarchy"/><td style="vertical-align: top; text-align : left; background-color: white; border: 0px #F0F0F0 solid; padding:0px 4px 0px 4px" class="hierarchy"><span style="opacity: 0.5">0</span><span style="opacity: 0.5">..</span><span style="opacity: 0.5">*</span></td><td style="vertical-align: top; text-align : left; background-color: white; border: 0px #F0F0F0 solid; padding:0px 4px 0px 4px" class="hierarchy"><a href="http://build.fhir.org/types.html#Base">Base</a></td><td style="vertical-align: top; text-align : left; background-color: white; border: 0px #F0F0F0 solid; padding:0px 4px 0px 4px" class="hierarchy">This is an abstract type. Child types: <a href="StructureDefinition-VerifiableCredentialBundle.html">VerifiableCredentialBundle</a>, <a href="StructureDefinition-VerifiableCredential.html">VerifiableCredential</a><br/>Base Logical Model for Verifiable Credentials</td></tr>
<tr style="border: 0px #F0F0F0 solid; padding:0px; vertical-align: top; background-color: #F7F7F7"><td style="vertical-align: top; text-align : left; background-color: #F7F7F7; border: 0px #F0F0F0 solid; padding:0px 4px 0px 4px; white-space: nowrap; background-image: url(tbl_bck10.png)" class="hierarchy"><img src="tbl_spacer.png" alt="." style="background-color: inherit" class="hierarchy"/><img src="tbl_vjoin.png" alt="." style="background-color: inherit" class="hierarchy"/><img src="icon_primitive.png" alt="." style="background-color: #F7F7F7; background-color: inherit" title="Primitive Data Type" class="hierarchy"/> <a href="StructureDefinition-VerifiableCredentialBase-definitions.html#VerifiableCredentialBase.context" title="Sets the context of the verifiable credential">context</a><a name="VerifiableCredentialBase.context"> </a></td><td style="vertical-align: top; text-align : left; background-color: #F7F7F7; border: 0px #F0F0F0 solid; padding:0px 4px 0px 4px" class="hierarchy"/><td style="vertical-align: top; text-align : left; background-color: #F7F7F7; border: 0px #F0F0F0 solid; padding:0px 4px 0px 4px" class="hierarchy">1..*</td><td style="vertical-align: top; text-align : left; background-color: #F7F7F7; border: 0px #F0F0F0 solid; padding:0px 4px 0px 4px" class="hierarchy"><a href="http://hl7.org/fhir/R4/datatypes.html#uri">uri</a></td><td style="vertical-align: top; text-align : left; background-color: #F7F7F7; border: 0px #F0F0F0 solid; padding:0px 4px 0px 4px" class="hierarchy">Context<br/></td></tr>
<tr style="border: 0px #F0F0F0 solid; padding:0px; vertical-align: top; background-color: white"><td style="vertical-align: top; text-align : left; background-color: white; border: 0px #F0F0F0 solid; padding:0px 4px 0px 4px; white-space: nowrap; background-image: url(tbl_bck10.png)" class="hierarchy"><img src="tbl_spacer.png" alt="." style="background-color: inherit" class="hierarchy"/><img src="tbl_vjoin.png" alt="." style="background-color: inherit" class="hierarchy"/><img src="icon_primitive.png" alt="." style="background-color: white; background-color: inherit" title="Primitive Data Type" class="hierarchy"/> <a href="StructureDefinition-VerifiableCredentialBase-definitions.html#VerifiableCredentialBase.id" title="The value of the id property MUST be a single URI. It is RECOMMENDED that the URI in the id be one which, if dereferenced, results in a document containing machine-readable information about the id.">id</a><a name="VerifiableCredentialBase.id"> </a></td><td style="vertical-align: top; text-align : left; background-color: white; border: 0px #F0F0F0 solid; padding:0px 4px 0px 4px" class="hierarchy"/><td style="vertical-align: top; text-align : left; background-color: white; border: 0px #F0F0F0 solid; padding:0px 4px 0px 4px" class="hierarchy">1..1</td><td style="vertical-align: top; text-align : left; background-color: white; border: 0px #F0F0F0 solid; padding:0px 4px 0px 4px" class="hierarchy"><a href="http://hl7.org/fhir/R4/datatypes.html#url">url</a></td><td style="vertical-align: top; text-align : left; background-color: white; border: 0px #F0F0F0 solid; padding:0px 4px 0px 4px" class="hierarchy">Identifier</td></tr>
<tr style="border: 0px #F0F0F0 solid; padding:0px; vertical-align: top; background-color: #F7F7F7"><td style="vertical-align: top; text-align : left; background-color: #F7F7F7; border: 0px #F0F0F0 solid; padding:0px 4px 0px 4px; white-space: nowrap; background-image: url(tbl_bck10.png)" class="hierarchy"><img src="tbl_spacer.png" alt="." style="background-color: inherit" class="hierarchy"/><img src="tbl_vjoin.png" alt="." style="background-color: inherit" class="hierarchy"/><img src="icon_primitive.png" alt="." style="background-color: #F7F7F7; background-color: inherit" title="Primitive Data Type" class="hierarchy"/> <a href="StructureDefinition-VerifiableCredentialBase-definitions.html#VerifiableCredentialBase.type" title="The value of the type property">type</a><a name="VerifiableCredentialBase.type"> </a></td><td style="vertical-align: top; text-align : left; background-color: #F7F7F7; border: 0px #F0F0F0 solid; padding:0px 4px 0px 4px" class="hierarchy"/><td style="vertical-align: top; text-align : left; background-color: #F7F7F7; border: 0px #F0F0F0 solid; padding:0px 4px 0px 4px" class="hierarchy">1..*</td><td style="vertical-align: top; text-align : left; background-color: #F7F7F7; border: 0px #F0F0F0 solid; padding:0px 4px 0px 4px" class="hierarchy"><a href="http://hl7.org/fhir/R4/datatypes.html#uri">uri</a></td><td style="vertical-align: top; text-align : left; background-color: #F7F7F7; border: 0px #F0F0F0 solid; padding:0px 4px 0px 4px" class="hierarchy">Type<br/></td></tr>
<tr style="border: 0px #F0F0F0 solid; padding:0px; vertical-align: top; background-color: white"><td style="vertical-align: top; text-align : left; background-color: white; border: 0px #F0F0F0 solid; padding:0px 4px 0px 4px; white-space: nowrap; background-image: url(tbl_bck10.png)" class="hierarchy"><img src="tbl_spacer.png" alt="." style="background-color: inherit" class="hierarchy"/><img src="tbl_vjoin.png" alt="." style="background-color: inherit" class="hierarchy"/><img src="icon_resource.png" alt="." style="background-color: white; background-color: inherit" title="Resource" class="hierarchy"/> <a href="StructureDefinition-VerifiableCredentialBase-definitions.html#VerifiableCredentialBase.credentialStatus" title="Verifiable Credential Status">credentialStatus</a><a name="VerifiableCredentialBase.credentialStatus"> </a></td><td style="vertical-align: top; text-align : left; background-color: white; border: 0px #F0F0F0 solid; padding:0px 4px 0px 4px" class="hierarchy"/><td style="vertical-align: top; text-align : left; background-color: white; border: 0px #F0F0F0 solid; padding:0px 4px 0px 4px" class="hierarchy">0..*</td><td style="vertical-align: top; text-align : left; background-color: white; border: 0px #F0F0F0 solid; padding:0px 4px 0px 4px" class="hierarchy"><a href="StructureDefinition-VerifiableCredentialStatus.html">VerifiableCredentialStatus</a></td><td style="vertical-align: top; text-align : left; background-color: white; border: 0px #F0F0F0 solid; padding:0px 4px 0px 4px" class="hierarchy">Verifiable Credential Status<br/></td></tr>
<tr style="border: 0px #F0F0F0 solid; padding:0px; vertical-align: top; background-color: #F7F7F7"><td style="vertical-align: top; text-align : left; background-color: #F7F7F7; border: 0px #F0F0F0 solid; padding:0px 4px 0px 4px; white-space: nowrap; background-image: url(tbl_bck10.png)" class="hierarchy"><img src="tbl_spacer.png" alt="." style="background-color: inherit" class="hierarchy"/><img src="tbl_vjoin.png" alt="." style="background-color: inherit" class="hierarchy"/><img src="icon_primitive.png" alt="." style="background-color: #F7F7F7; background-color: inherit" title="Primitive Data Type" class="hierarchy"/> <a href="StructureDefinition-VerifiableCredentialBase-definitions.html#VerifiableCredentialBase.expirationDate" title="The date and time the credential ceases to be valid.">expirationDate</a><a name="VerifiableCredentialBase.expirationDate"> </a></td><td style="vertical-align: top; text-align : left; background-color: #F7F7F7; border: 0px #F0F0F0 solid; padding:0px 4px 0px 4px" class="hierarchy"/><td style="vertical-align: top; text-align : left; background-color: #F7F7F7; border: 0px #F0F0F0 solid; padding:0px 4px 0px 4px" class="hierarchy">0..1</td><td style="vertical-align: top; text-align : left; background-color: #F7F7F7; border: 0px #F0F0F0 solid; padding:0px 4px 0px 4px" class="hierarchy"><a href="http://hl7.org/fhir/R4/datatypes.html#dateTime">dateTime</a></td><td style="vertical-align: top; text-align : left; background-color: #F7F7F7; border: 0px #F0F0F0 solid; padding:0px 4px 0px 4px" class="hierarchy">Expiration Date</td></tr>
<tr style="border: 0px #F0F0F0 solid; padding:0px; vertical-align: top; background-color: white"><td style="vertical-align: top; text-align : left; background-color: white; border: 0px #F0F0F0 solid; padding:0px 4px 0px 4px; white-space: nowrap; background-image: url(tbl_bck10.png)" class="hierarchy"><img src="tbl_spacer.png" alt="." style="background-color: inherit" class="hierarchy"/><img src="tbl_vjoin.png" alt="." style="background-color: inherit" class="hierarchy"/><img src="icon_resource.png" alt="." style="background-color: white; background-color: inherit" title="Resource" class="hierarchy"/> <a href="StructureDefinition-VerifiableCredentialBase-definitions.html#VerifiableCredentialBase.evidence" title="Verifiable Credential Evidence">evidence</a><a name="VerifiableCredentialBase.evidence"> </a></td><td style="vertical-align: top; text-align : left; background-color: white; border: 0px #F0F0F0 solid; padding:0px 4px 0px 4px" class="hierarchy"/><td style="vertical-align: top; text-align : left; background-color: white; border: 0px #F0F0F0 solid; padding:0px 4px 0px 4px" class="hierarchy">0..*</td><td style="vertical-align: top; text-align : left; background-color: white; border: 0px #F0F0F0 solid; padding:0px 4px 0px 4px" class="hierarchy"><a href="StructureDefinition-VerifiableCredentialEvidence.html">VerifiableCredentialEvidence</a></td><td style="vertical-align: top; text-align : left; background-color: white; border: 0px #F0F0F0 solid; padding:0px 4px 0px 4px" class="hierarchy">Evidence<br/></td></tr>
<tr style="border: 0px #F0F0F0 solid; padding:0px; vertical-align: top; background-color: #F7F7F7"><td style="vertical-align: top; text-align : left; background-color: #F7F7F7; border: 0px #F0F0F0 solid; padding:0px 4px 0px 4px; white-space: nowrap; background-image: url(tbl_bck10.png)" class="hierarchy"><img src="tbl_spacer.png" alt="." style="background-color: inherit" class="hierarchy"/><img src="tbl_vjoin.png" alt="." style="background-color: inherit" class="hierarchy"/><img src="icon_primitive.png" alt="." style="background-color: #F7F7F7; background-color: inherit" title="Primitive Data Type" class="hierarchy"/> <a href="StructureDefinition-VerifiableCredentialBase-definitions.html#VerifiableCredentialBase.holder" title="The holder of the credential">holder</a><a name="VerifiableCredentialBase.holder"> </a></td><td style="vertical-align: top; text-align : left; background-color: #F7F7F7; border: 0px #F0F0F0 solid; padding:0px 4px 0px 4px" class="hierarchy"/><td style="vertical-align: top; text-align : left; background-color: #F7F7F7; border: 0px #F0F0F0 solid; padding:0px 4px 0px 4px" class="hierarchy">0..1</td><td style="vertical-align: top; text-align : left; background-color: #F7F7F7; border: 0px #F0F0F0 solid; padding:0px 4px 0px 4px" class="hierarchy"><a href="http://hl7.org/fhir/R4/datatypes.html#uri">uri</a></td><td style="vertical-align: top; text-align : left; background-color: #F7F7F7; border: 0px #F0F0F0 solid; padding:0px 4px 0px 4px" class="hierarchy">Holder</td></tr>
<tr style="border: 0px #F0F0F0 solid; padding:0px; vertical-align: top; background-color: white"><td style="vertical-align: top; text-align : left; background-color: white; border: 0px #F0F0F0 solid; padding:0px 4px 0px 4px; white-space: nowrap; background-image: url(tbl_bck10.png)" class="hierarchy"><img src="tbl_spacer.png" alt="." style="background-color: inherit" class="hierarchy"/><img src="tbl_vjoin.png" alt="." style="background-color: inherit" class="hierarchy"/><img src="icon_primitive.png" alt="." style="background-color: white; background-color: inherit" title="Primitive Data Type" class="hierarchy"/> <a href="StructureDefinition-VerifiableCredentialBase-definitions.html#VerifiableCredentialBase.issued" title="Issued">issued</a><a name="VerifiableCredentialBase.issued"> </a></td><td style="vertical-align: top; text-align : left; background-color: white; border: 0px #F0F0F0 solid; padding:0px 4px 0px 4px" class="hierarchy"/><td style="vertical-align: top; text-align : left; background-color: white; border: 0px #F0F0F0 solid; padding:0px 4px 0px 4px" class="hierarchy">0..1</td><td style="vertical-align: top; text-align : left; background-color: white; border: 0px #F0F0F0 solid; padding:0px 4px 0px 4px" class="hierarchy"><a href="http://hl7.org/fhir/R4/datatypes.html#dateTime">dateTime</a></td><td style="vertical-align: top; text-align : left; background-color: white; border: 0px #F0F0F0 solid; padding:0px 4px 0px 4px" class="hierarchy">Issued</td></tr>
<tr style="border: 0px #F0F0F0 solid; padding:0px; vertical-align: top; background-color: #F7F7F7"><td style="vertical-align: top; text-align : left; background-color: #F7F7F7; border: 0px #F0F0F0 solid; padding:0px 4px 0px 4px; white-space: nowrap; background-image: url(tbl_bck10.png)" class="hierarchy"><img src="tbl_spacer.png" alt="." style="background-color: inherit" class="hierarchy"/><img src="tbl_vjoin.png" alt="." style="background-color: inherit" class="hierarchy"/><img src="icon_primitive.png" alt="." style="background-color: #F7F7F7; background-color: inherit" title="Primitive Data Type" class="hierarchy"/> <a href="StructureDefinition-VerifiableCredentialBase-definitions.html#VerifiableCredentialBase.issuer" title="The entity that issued the credential">issuer</a><a name="VerifiableCredentialBase.issuer"> </a></td><td style="vertical-align: top; text-align : left; background-color: #F7F7F7; border: 0px #F0F0F0 solid; padding:0px 4px 0px 4px" class="hierarchy"/><td style="vertical-align: top; text-align : left; background-color: #F7F7F7; border: 0px #F0F0F0 solid; padding:0px 4px 0px 4px" class="hierarchy">1..1</td><td style="vertical-align: top; text-align : left; background-color: #F7F7F7; border: 0px #F0F0F0 solid; padding:0px 4px 0px 4px" class="hierarchy"><a href="http://hl7.org/fhir/R4/datatypes.html#url">url</a></td><td style="vertical-align: top; text-align : left; background-color: #F7F7F7; border: 0px #F0F0F0 solid; padding:0px 4px 0px 4px" class="hierarchy">Issue</td></tr>
<tr style="border: 0px #F0F0F0 solid; padding:0px; vertical-align: top; background-color: white"><td style="vertical-align: top; text-align : left; background-color: white; border: 0px #F0F0F0 solid; padding:0px 4px 0px 4px; white-space: nowrap; background-image: url(tbl_bck10.png)" class="hierarchy"><img src="tbl_spacer.png" alt="." style="background-color: inherit" class="hierarchy"/><img src="tbl_vjoin.png" alt="." style="background-color: inherit" class="hierarchy"/><img src="icon_primitive.png" alt="." style="background-color: white; background-color: inherit" title="Primitive Data Type" class="hierarchy"/> <a href="StructureDefinition-VerifiableCredentialBase-definitions.html#VerifiableCredentialBase.issuanceDate" title="The date and time the credential becomes valid, which could be a date and time in the future. Note that this value represents the earliest point in time at which the information associated with the credentialSubject property becomes valid.">issuanceDate</a><a name="VerifiableCredentialBase.issuanceDate"> </a></td><td style="vertical-align: top; text-align : left; background-color: white; border: 0px #F0F0F0 solid; padding:0px 4px 0px 4px" class="hierarchy"/><td style="vertical-align: top; text-align : left; background-color: white; border: 0px #F0F0F0 solid; padding:0px 4px 0px 4px" class="hierarchy">0..1</td><td style="vertical-align: top; text-align : left; background-color: white; border: 0px #F0F0F0 solid; padding:0px 4px 0px 4px" class="hierarchy"><a href="http://hl7.org/fhir/R4/datatypes.html#dateTime">dateTime</a></td><td style="vertical-align: top; text-align : left; background-color: white; border: 0px #F0F0F0 solid; padding:0px 4px 0px 4px" class="hierarchy">Issuance Date</td></tr>
<tr style="border: 0px #F0F0F0 solid; padding:0px; vertical-align: top; background-color: #F7F7F7"><td style="vertical-align: top; text-align : left; background-color: #F7F7F7; border: 0px #F0F0F0 solid; padding:0px 4px 0px 4px; white-space: nowrap; background-image: url(tbl_bck10.png)" class="hierarchy"><img src="tbl_spacer.png" alt="." style="background-color: inherit" class="hierarchy"/><img src="tbl_vjoin.png" alt="." style="background-color: inherit" class="hierarchy"/><img src="icon_resource.png" alt="." style="background-color: #F7F7F7; background-color: inherit" title="Resource" class="hierarchy"/> <a href="StructureDefinition-VerifiableCredentialBase-definitions.html#VerifiableCredentialBase.proof" title="One or more cryptographic proofs that can be used to detect tampering and verify the authorship">proof</a><a name="VerifiableCredentialBase.proof"> </a></td><td style="vertical-align: top; text-align : left; background-color: #F7F7F7; border: 0px #F0F0F0 solid; padding:0px 4px 0px 4px" class="hierarchy"/><td style="vertical-align: top; text-align : left; background-color: #F7F7F7; border: 0px #F0F0F0 solid; padding:0px 4px 0px 4px" class="hierarchy">1..*</td><td style="vertical-align: top; text-align : left; background-color: #F7F7F7; border: 0px #F0F0F0 solid; padding:0px 4px 0px 4px" class="hierarchy"><a href="StructureDefinition-VerifiableCredentialProof.html">VerifiableCredentialProof</a></td><td style="vertical-align: top; text-align : left; background-color: #F7F7F7; border: 0px #F0F0F0 solid; padding:0px 4px 0px 4px" class="hierarchy">Proof<br/></td></tr>
<tr style="border: 0px #F0F0F0 solid; padding:0px; vertical-align: top; background-color: white"><td style="vertical-align: top; text-align : left; background-color: white; border: 0px #F0F0F0 solid; padding:0px 4px 0px 4px; white-space: nowrap; background-image: url(tbl_bck10.png)" class="hierarchy"><img src="tbl_spacer.png" alt="." style="background-color: inherit" class="hierarchy"/><img src="tbl_vjoin.png" alt="." style="background-color: inherit" class="hierarchy"/><img src="icon_resource.png" alt="." style="background-color: white; background-color: inherit" title="Resource" class="hierarchy"/> <a href="StructureDefinition-VerifiableCredentialBase-definitions.html#VerifiableCredentialBase.refreshService" title="Refresh Service">refreshService</a><a name="VerifiableCredentialBase.refreshService"> </a></td><td style="vertical-align: top; text-align : left; background-color: white; border: 0px #F0F0F0 solid; padding:0px 4px 0px 4px" class="hierarchy"/><td style="vertical-align: top; text-align : left; background-color: white; border: 0px #F0F0F0 solid; padding:0px 4px 0px 4px" class="hierarchy">0..*</td><td style="vertical-align: top; text-align : left; background-color: white; border: 0px #F0F0F0 solid; padding:0px 4px 0px 4px" class="hierarchy"><a href="StructureDefinition-VerifiableCredentialRefreshService.html">VerifiableCredentialRefreshService</a></td><td style="vertical-align: top; text-align : left; background-color: white; border: 0px #F0F0F0 solid; padding:0px 4px 0px 4px" class="hierarchy">Refresh Service<br/></td></tr>
<tr style="border: 0px #F0F0F0 solid; padding:0px; vertical-align: top; background-color: #F7F7F7"><td style="vertical-align: top; text-align : left; background-color: #F7F7F7; border: 0px #F0F0F0 solid; padding:0px 4px 0px 4px; white-space: nowrap; background-image: url(tbl_bck10.png)" class="hierarchy"><img src="tbl_spacer.png" alt="." style="background-color: inherit" class="hierarchy"/><img src="tbl_vjoin.png" alt="." style="background-color: inherit" class="hierarchy"/><img src="icon_resource.png" alt="." style="background-color: #F7F7F7; background-color: inherit" title="Resource" class="hierarchy"/> <a href="StructureDefinition-VerifiableCredentialBase-definitions.html#VerifiableCredentialBase.termsofUse" title="Terms of Use">termsofUse</a><a name="VerifiableCredentialBase.termsofUse"> </a></td><td style="vertical-align: top; text-align : left; background-color: #F7F7F7; border: 0px #F0F0F0 solid; padding:0px 4px 0px 4px" class="hierarchy"/><td style="vertical-align: top; text-align : left; background-color: #F7F7F7; border: 0px #F0F0F0 solid; padding:0px 4px 0px 4px" class="hierarchy">0..1</td><td style="vertical-align: top; text-align : left; background-color: #F7F7F7; border: 0px #F0F0F0 solid; padding:0px 4px 0px 4px" class="hierarchy"><a href="StructureDefinition-VerifiableCredentialTermsOfUse.html">VerifiableCredentialTermsOfUse</a></td><td style="vertical-align: top; text-align : left; background-color: #F7F7F7; border: 0px #F0F0F0 solid; padding:0px 4px 0px 4px" class="hierarchy">Terms of Use</td></tr>
<tr style="border: 0px #F0F0F0 solid; padding:0px; vertical-align: top; background-color: white"><td style="vertical-align: top; text-align : left; background-color: white; border: 0px #F0F0F0 solid; padding:0px 4px 0px 4px; white-space: nowrap; background-image: url(tbl_bck10.png)" class="hierarchy"><img src="tbl_spacer.png" alt="." style="background-color: inherit" class="hierarchy"/><img src="tbl_vjoin.png" alt="." style="background-color: inherit" class="hierarchy"/><img src="icon_primitive.png" alt="." style="background-color: white; background-color: inherit" title="Primitive Data Type" class="hierarchy"/> <a href="StructureDefinition-VerifiableCredentialBase-definitions.html#VerifiableCredentialBase.validFrom" title="Valid From">validFrom</a><a name="VerifiableCredentialBase.validFrom"> </a></td><td style="vertical-align: top; text-align : left; background-color: white; border: 0px #F0F0F0 solid; padding:0px 4px 0px 4px" class="hierarchy"/><td style="vertical-align: top; text-align : left; background-color: white; border: 0px #F0F0F0 solid; padding:0px 4px 0px 4px" class="hierarchy">0..1</td><td style="vertical-align: top; text-align : left; background-color: white; border: 0px #F0F0F0 solid; padding:0px 4px 0px 4px" class="hierarchy"><a href="http://hl7.org/fhir/R4/datatypes.html#dateTime">dateTime</a></td><td style="vertical-align: top; text-align : left; background-color: white; border: 0px #F0F0F0 solid; padding:0px 4px 0px 4px" class="hierarchy">Valid From</td></tr>
<tr style="border: 0px #F0F0F0 solid; padding:0px; vertical-align: top; background-color: #F7F7F7"><td style="vertical-align: top; text-align : left; background-color: #F7F7F7; border: 0px #F0F0F0 solid; padding:0px 4px 0px 4px; white-space: nowrap; background-image: url(tbl_bck00.png)" class="hierarchy"><img src="tbl_spacer.png" alt="." style="background-color: inherit" class="hierarchy"/><img src="tbl_vjoin_end.png" alt="." style="background-color: inherit" class="hierarchy"/><img src="icon_primitive.png" alt="." style="background-color: #F7F7F7; background-color: inherit" title="Primitive Data Type" class="hierarchy"/> <a href="StructureDefinition-VerifiableCredentialBase-definitions.html#VerifiableCredentialBase.validUntil" title="Valid Until">validUntil</a><a name="VerifiableCredentialBase.validUntil"> </a></td><td style="vertical-align: top; text-align : left; background-color: #F7F7F7; border: 0px #F0F0F0 solid; padding:0px 4px 0px 4px" class="hierarchy"/><td style="vertical-align: top; text-align : left; background-color: #F7F7F7; border: 0px #F0F0F0 solid; padding:0px 4px 0px 4px" class="hierarchy">0..1</td><td style="vertical-align: top; text-align : left; background-color: #F7F7F7; border: 0px #F0F0F0 solid; padding:0px 4px 0px 4px" class="hierarchy"><a href="http://hl7.org/fhir/R4/datatypes.html#dateTime">dateTime</a></td><td style="vertical-align: top; text-align : left; background-color: #F7F7F7; border: 0px #F0F0F0 solid; padding:0px 4px 0px 4px" class="hierarchy">Valid Until</td></tr>
<tr><td colspan="5" class="hierarchy"><br/><a href="https://build.fhir.org/ig/FHIR/ig-guidance/readingIgs.html#table-views" title="Legend for this format"><img src="http://hl7.org/fhir/R4/help16.png" alt="doco" style="background-color: inherit"/> Documentation for this format</a></td></tr></table></div></text><url value="http://litlfred.github.io/ig-vcs/StructureDefinition/VerifiableCredentialBase"/><version value="0.2.1"/><name value="VerifiableCredentialBase"/><title value="Base Logical Model for Verifiable Credentials"/><status value="draft"/><date value="2023-01-10T13:29:46+00:00"/><publisher value="WHO"/><contact><name value="WHO"/><telecom><system value="url"/><value value="http://who.int"/></telecom></contact><description value="Base Logical Model for Verifiable Credentials. Omits the credentialSubject.  Non-abstract should be instantiated for each credentialSubject schema"/><jurisdiction><coding><system value="http://unstats.un.org/unsd/methods/m49/m49.htm"/><code value="001"/></coding></jurisdiction><fhirVersion value="4.0.1"/><mapping><identity value="rim"/><uri value="http://hl7.org/v3"/><name value="RIM Mapping"/></mapping><kind value="logical"/><abstract value="true"/><type value="http://litlfred.github.io/ig-vcs/StructureDefinition/VerifiableCredentialBase"/><baseDefinition value="http://hl7.org/fhir/StructureDefinition/Base"/><derivation value="specialization"/><snapshot><element id="VerifiableCredentialBase"><path value="VerifiableCredentialBase"/><short value="Base Logical Model for Verifiable Credentials"/><definition value="Base Logical Model for Verifiable Credentials. Omits the credentialSubject.  Non-abstract should be instantiated for each credentialSubject schema"/><min value="0"/><max value="*"/><base><path value="Base"/><min value="0"/><max value="*"/></base><isModifier value="false"/></element><element id="VerifiableCredentialBase.context"><path value="VerifiableCredentialBase.context"/><short value="Context"/><definition value="Sets the context of the verifiable credential"/><min value="1"/><max value="*"/><base><path value="VerifiableCredentialBase.context"/><min value="1"/><max value="*"/></base><type><code value="uri"/></type></element><element id="VerifiableCredentialBase.id"><path value="VerifiableCredentialBase.id"/><short value="Identifier"/><definition value="The value of the id property MUST be a single URI. It is RECOMMENDED that the URI in the id be one which, if dereferenced, results in a document containing machine-readable information about the id."/><min value="1"/><max value="1"/><base><path value="VerifiableCredentialBase.id"/><min value="1"/><max value="1"/></base><type><code value="url"/></type></element><element id="VerifiableCredentialBase.type"><path value="VerifiableCredentialBase.type"/><short value="Type"/><definition value="The value of the type property"/><min value="1"/><max value="*"/><base><path value="VerifiableCredentialBase.type"/><min value="1"/><max value="*"/></base><type><code value="uri"/></type></element><element id="VerifiableCredentialBase.credentialStatus"><path value="VerifiableCredentialBase.credentialStatus"/><short value="Verifiable Credential Status"/><definition value="Verifiable Credential Status"/><min value="0"/><max value="*"/><base><path value="VerifiableCredentialBase.credentialStatus"/><min value="0"/><max value="*"/></base><type><code value="http://litlfred.github.io/ig-vcs/StructureDefinition/VerifiableCredentialStatus"/></type></element><element id="VerifiableCredentialBase.expirationDate"><path value="VerifiableCredentialBase.expirationDate"/><short value="Expiration Date"/><definition value="The date and time the credential ceases to be valid."/><min value="0"/><max value="1"/><base><path value="VerifiableCredentialBase.expirationDate"/><min value="0"/><max value="1"/></base><type><code value="dateTime"/></type></element><element id="VerifiableCredentialBase.evidence"><path value="VerifiableCredentialBase.evidence"/><short value="Evidence"/><definition value="Verifiable Credential Evidence"/><min value="0"/><max value="*"/><base><path value="VerifiableCredentialBase.evidence"/><min value="0"/><max value="*"/></base><type><code value="http://litlfred.github.io/ig-vcs/StructureDefinition/VerifiableCredentialEvidence"/></type></element><element id="VerifiableCredentialBase.holder"><path value="VerifiableCredentialBase.holder"/><short value="Holder"/><definition value="The holder of the credential"/><min value="0"/><max value="1"/><base><path value="VerifiableCredentialBase.holder"/><min value="0"/><max value="1"/></base><type><code value="uri"/></type></element><element id="VerifiableCredentialBase.issued"><path value="VerifiableCredentialBase.issued"/><short value="Issued"/><definition value="Issued"/><min value="0"/><max value="1"/><base><path value="VerifiableCredentialBase.issued"/><min value="0"/><max value="1"/></base><type><code value="dateTime"/></type></element><element id="VerifiableCredentialBase.issuer"><path value="VerifiableCredentialBase.issuer"/><short value="Issue"/><definition value="The entity that issued the credential"/><min value="1"/><max value="1"/><base><path value="VerifiableCredentialBase.issuer"/><min value="1"/><max value="1"/></base><type><code value="url"/></type></element><element id="VerifiableCredentialBase.issuanceDate"><path value="VerifiableCredentialBase.issuanceDate"/><short value="Issuance Date"/><definition value="The date and time the credential becomes valid, which could be a date and time in the future. Note that this value represents the earliest point in time at which the information associated with the credentialSubject property becomes valid."/><min value="0"/><max value="1"/><base><path value="VerifiableCredentialBase.issuanceDate"/><min value="0"/><max value="1"/></base><type><code value="dateTime"/></type></element><element id="VerifiableCredentialBase.proof"><path value="VerifiableCredentialBase.proof"/><short value="Proof"/><definition value="One or more cryptographic proofs that can be used to detect tampering and verify the authorship"/><min value="1"/><max value="*"/><base><path value="VerifiableCredentialBase.proof"/><min value="1"/><max value="*"/></base><type><code value="http://litlfred.github.io/ig-vcs/StructureDefinition/VerifiableCredentialProof"/></type></element><element id="VerifiableCredentialBase.refreshService"><path value="VerifiableCredentialBase.refreshService"/><short value="Refresh Service"/><definition value="Refresh Service"/><min value="0"/><max value="*"/><base><path value="VerifiableCredentialBase.refreshService"/><min value="0"/><max value="*"/></base><type><code value="http://litlfred.github.io/ig-vcs/StructureDefinition/VerifiableCredentialRefreshService"/></type></element><element id="VerifiableCredentialBase.termsofUse"><path value="VerifiableCredentialBase.termsofUse"/><short value="Terms of Use"/><definition value="Terms of Use"/><min value="0"/><max value="1"/><base><path value="VerifiableCredentialBase.termsofUse"/><min value="0"/><max value="1"/></base><type><code value="http://litlfred.github.io/ig-vcs/StructureDefinition/VerifiableCredentialTermsOfUse"/></type></element><element id="VerifiableCredentialBase.validFrom"><path value="VerifiableCredentialBase.validFrom"/><short value="Valid From"/><definition value="Valid From"/><min value="0"/><max value="1"/><base><path value="VerifiableCredentialBase.validFrom"/><min value="0"/><max value="1"/></base><type><code value="dateTime"/></type></element><element id="VerifiableCredentialBase.validUntil"><path value="VerifiableCredentialBase.validUntil"/><short value="Valid Until"/><definition value="Valid Until"/><min value="0"/><max value="1"/><base><path value="VerifiableCredentialBase.validUntil"/><min value="0"/><max value="1"/></base><type><code value="dateTime"/></type></element></snapshot><differential><element id="VerifiableCredentialBase"><path value="VerifiableCredentialBase"/><short value="Base Logical Model for Verifiable Credentials"/><definition value="Base Logical Model for Verifiable Credentials. Omits the credentialSubject.  Non-abstract should be instantiated for each credentialSubject schema"/></element><element id="VerifiableCredentialBase.context"><path value="VerifiableCredentialBase.context"/><short value="Context"/><definition value="Sets the context of the verifiable credential"/><min value="1"/><max value="*"/><type><code value="uri"/></type></element><element id="VerifiableCredentialBase.id"><path value="VerifiableCredentialBase.id"/><short value="Identifier"/><definition value="The value of the id property MUST be a single URI. It is RECOMMENDED that the URI in the id be one which, if dereferenced, results in a document containing machine-readable information about the id."/><min value="1"/><max value="1"/><type><code value="url"/></type></element><element id="VerifiableCredentialBase.type"><path value="VerifiableCredentialBase.type"/><short value="Type"/><definition value="The value of the type property"/><min value="1"/><max value="*"/><type><code value="uri"/></type></element><element id="VerifiableCredentialBase.credentialStatus"><path value="VerifiableCredentialBase.credentialStatus"/><short value="Verifiable Credential Status"/><definition value="Verifiable Credential Status"/><min value="0"/><max value="*"/><type><code value="http://litlfred.github.io/ig-vcs/StructureDefinition/VerifiableCredentialStatus"/></type></element><element id="VerifiableCredentialBase.expirationDate"><path value="VerifiableCredentialBase.expirationDate"/><short value="Expiration Date"/><definition value="The date and time the credential ceases to be valid."/><min value="0"/><max value="1"/><type><code value="dateTime"/></type></element><element id="VerifiableCredentialBase.evidence"><path value="VerifiableCredentialBase.evidence"/><short value="Evidence"/><definition value="Verifiable Credential Evidence"/><min value="0"/><max value="*"/><type><code value="http://litlfred.github.io/ig-vcs/StructureDefinition/VerifiableCredentialEvidence"/></type></element><element id="VerifiableCredentialBase.holder"><path value="VerifiableCredentialBase.holder"/><short value="Holder"/><definition value="The holder of the credential"/><min value="0"/><max value="1"/><type><code value="uri"/></type></element><element id="VerifiableCredentialBase.issued"><path value="VerifiableCredentialBase.issued"/><short value="Issued"/><definition value="Issued"/><min value="0"/><max value="1"/><type><code value="dateTime"/></type></element><element id="VerifiableCredentialBase.issuer"><path value="VerifiableCredentialBase.issuer"/><short value="Issue"/><definition value="The entity that issued the credential"/><min value="1"/><max value="1"/><type><code value="url"/></type></element><element id="VerifiableCredentialBase.issuanceDate"><path value="VerifiableCredentialBase.issuanceDate"/><short value="Issuance Date"/><definition value="The date and time the credential becomes valid, which could be a date and time in the future. Note that this value represents the earliest point in time at which the information associated with the credentialSubject property becomes valid."/><min value="0"/><max value="1"/><type><code value="dateTime"/></type></element><element id="VerifiableCredentialBase.proof"><path value="VerifiableCredentialBase.proof"/><short value="Proof"/><definition value="One or more cryptographic proofs that can be used to detect tampering and verify the authorship"/><min value="1"/><max value="*"/><type><code value="http://litlfred.github.io/ig-vcs/StructureDefinition/VerifiableCredentialProof"/></type></element><element id="VerifiableCredentialBase.refreshService"><path value="VerifiableCredentialBase.refreshService"/><short value="Refresh Service"/><definition value="Refresh Service"/><min value="0"/><max value="*"/><type><code value="http://litlfred.github.io/ig-vcs/StructureDefinition/VerifiableCredentialRefreshService"/></type></element><element id="VerifiableCredentialBase.termsofUse"><path value="VerifiableCredentialBase.termsofUse"/><short value="Terms of Use"/><definition value="Terms of Use"/><min value="0"/><max value="1"/><type><code value="http://litlfred.github.io/ig-vcs/StructureDefinition/VerifiableCredentialTermsOfUse"/></type></element><element id="VerifiableCredentialBase.validFrom"><path value="VerifiableCredentialBase.validFrom"/><short value="Valid From"/><definition value="Valid From"/><min value="0"/><max value="1"/><type><code value="dateTime"/></type></element><element id="VerifiableCredentialBase.validUntil"><path value="VerifiableCredentialBase.validUntil"/><short value="Valid Until"/><definition value="Valid Until"/><min value="0"/><max value="1"/><type><code value="dateTime"/></type></element></differential></StructureDefinition>