<?xml version="1.0" encoding="UTF-8"?><StructureDefinition xmlns="http://hl7.org/fhir"><id value="VerifiableCredential"/><text><status value="extensions"/><div xmlns="http://www.w3.org/1999/xhtml"><table border="0" cellpadding="0" cellspacing="0" style="border: 0px #F0F0F0 solid; font-size: 11px; font-family: verdana; vertical-align: top;"><tr style="border: 1px #F0F0F0 solid; font-size: 11px; font-family: verdana; vertical-align: top"><th style="vertical-align: top; text-align : left; background-color: white; border: 0px #F0F0F0 solid; padding:0px 4px 0px 4px" class="hierarchy"><a href="https://build.fhir.org/ig/FHIR/ig-guidance/readingIgs.html#table-views" title="The logical name of the element">Name</a></th><th style="vertical-align: top; text-align : left; background-color: white; border: 0px #F0F0F0 solid; padding:0px 4px 0px 4px" class="hierarchy"><a href="https://build.fhir.org/ig/FHIR/ig-guidance/readingIgs.html#table-views" title="Information about the use of the element">Flags</a></th><th style="vertical-align: top; text-align : left; background-color: white; border: 0px #F0F0F0 solid; padding:0px 4px 0px 4px" class="hierarchy"><a href="https://build.fhir.org/ig/FHIR/ig-guidance/readingIgs.html#table-views" title="Minimum and Maximum # of times the the element can appear in the instance">Card.</a></th><th style="width: 100px" class="hierarchy"><a href="https://build.fhir.org/ig/FHIR/ig-guidance/readingIgs.html#table-views" title="Reference to the type of the element">Type</a></th><th style="vertical-align: top; text-align : left; background-color: white; border: 0px #F0F0F0 solid; padding:0px 4px 0px 4px" class="hierarchy"><a href="https://build.fhir.org/ig/FHIR/ig-guidance/readingIgs.html#table-views" title="Additional information about the element">Description &amp; Constraints</a><span style="float: right"><a href="https://build.fhir.org/ig/FHIR/ig-guidance/readingIgs.html#table-views" title="Legend for this format"><img src="http://hl7.org/fhir/R4/help16.png" alt="doco" style="background-color: inherit"/></a></span></th></tr><tr style="border: 0px #F0F0F0 solid; padding:0px; vertical-align: top; background-color: white"><td style="vertical-align: top; text-align : left; background-color: white; border: 0px #F0F0F0 solid; padding:0px 4px 0px 4px; white-space: nowrap; background-image: url(tbl_bck1.png)" class="hierarchy"><img src="tbl_spacer.png" alt="." style="background-color: inherit" class="hierarchy"/><img src="icon_element.gif" alt="." style="background-color: white; background-color: inherit" title="Element" class="hierarchy"/> <a href="StructureDefinition-VerifiableCredential-definitions.html#VerifiableCredential" title="Logical Model for Verifiable Credentials">VerifiableCredential</a><a name="VerifiableCredential"> </a></td><td style="vertical-align: top; text-align : left; background-color: white; border: 0px #F0F0F0 solid; padding:0px 4px 0px 4px" class="hierarchy"/><td style="vertical-align: top; text-align : left; background-color: white; border: 0px #F0F0F0 solid; padding:0px 4px 0px 4px" class="hierarchy"><span style="opacity: 0.5">0</span><span style="opacity: 0.5">..</span><span style="opacity: 0.5">*</span></td><td style="vertical-align: top; text-align : left; background-color: white; border: 0px #F0F0F0 solid; padding:0px 4px 0px 4px" class="hierarchy"><a href="http://build.fhir.org/types.html#Base">Base</a></td><td style="vertical-align: top; text-align : left; background-color: white; border: 0px #F0F0F0 solid; padding:0px 4px 0px 4px" class="hierarchy">Logical Model for Verifiable Credentials</td></tr>
<tr style="border: 0px #F0F0F0 solid; padding:0px; vertical-align: top; background-color: #F7F7F7"><td style="vertical-align: top; text-align : left; background-color: #F7F7F7; border: 0px #F0F0F0 solid; padding:0px 4px 0px 4px; white-space: nowrap; background-image: url(tbl_bck10.png)" class="hierarchy"><img src="tbl_spacer.png" alt="." style="background-color: inherit" class="hierarchy"/><img src="tbl_vjoin.png" alt="." style="background-color: inherit" class="hierarchy"/><img src="icon_primitive.png" alt="." style="background-color: #F7F7F7; background-color: inherit" title="Primitive Data Type" class="hierarchy"/> <a href="StructureDefinition-VerifiableCredential-definitions.html#VerifiableCredential.context" title="Sets the context of the verifiable credential">context</a><a name="VerifiableCredential.context"> </a></td><td style="vertical-align: top; text-align : left; background-color: #F7F7F7; border: 0px #F0F0F0 solid; padding:0px 4px 0px 4px" class="hierarchy"/><td style="vertical-align: top; text-align : left; background-color: #F7F7F7; border: 0px #F0F0F0 solid; padding:0px 4px 0px 4px" class="hierarchy">1..*</td><td style="vertical-align: top; text-align : left; background-color: #F7F7F7; border: 0px #F0F0F0 solid; padding:0px 4px 0px 4px" class="hierarchy"><a href="http://hl7.org/fhir/R4/datatypes.html#uri">uri</a></td><td style="vertical-align: top; text-align : left; background-color: #F7F7F7; border: 0px #F0F0F0 solid; padding:0px 4px 0px 4px" class="hierarchy">Context<br/></td></tr>
<tr style="border: 0px #F0F0F0 solid; padding:0px; vertical-align: top; background-color: white"><td style="vertical-align: top; text-align : left; background-color: white; border: 0px #F0F0F0 solid; padding:0px 4px 0px 4px; white-space: nowrap; background-image: url(tbl_bck10.png)" class="hierarchy"><img src="tbl_spacer.png" alt="." style="background-color: inherit" class="hierarchy"/><img src="tbl_vjoin.png" alt="." style="background-color: inherit" class="hierarchy"/><img src="icon_primitive.png" alt="." style="background-color: white; background-color: inherit" title="Primitive Data Type" class="hierarchy"/> <a href="StructureDefinition-VerifiableCredential-definitions.html#VerifiableCredential.id" title="The value of the id property MUST be a single URI. It is RECOMMENDED that the URI in the id be one which, if dereferenced, results in a document containing machine-readable information about the id.">id</a><a name="VerifiableCredential.id"> </a></td><td style="vertical-align: top; text-align : left; background-color: white; border: 0px #F0F0F0 solid; padding:0px 4px 0px 4px" class="hierarchy"/><td style="vertical-align: top; text-align : left; background-color: white; border: 0px #F0F0F0 solid; padding:0px 4px 0px 4px" class="hierarchy">1..1</td><td style="vertical-align: top; text-align : left; background-color: white; border: 0px #F0F0F0 solid; padding:0px 4px 0px 4px" class="hierarchy"><a href="http://hl7.org/fhir/R4/datatypes.html#url">url</a></td><td style="vertical-align: top; text-align : left; background-color: white; border: 0px #F0F0F0 solid; padding:0px 4px 0px 4px" class="hierarchy">Identifier</td></tr>
<tr style="border: 0px #F0F0F0 solid; padding:0px; vertical-align: top; background-color: #F7F7F7"><td style="vertical-align: top; text-align : left; background-color: #F7F7F7; border: 0px #F0F0F0 solid; padding:0px 4px 0px 4px; white-space: nowrap; background-image: url(tbl_bck10.png)" class="hierarchy"><img src="tbl_spacer.png" alt="." style="background-color: inherit" class="hierarchy"/><img src="tbl_vjoin.png" alt="." style="background-color: inherit" class="hierarchy"/><img src="icon_primitive.png" alt="." style="background-color: #F7F7F7; background-color: inherit" title="Primitive Data Type" class="hierarchy"/> <a href="StructureDefinition-VerifiableCredential-definitions.html#VerifiableCredential.type" title="The value of the type property">type</a><a name="VerifiableCredential.type"> </a></td><td style="vertical-align: top; text-align : left; background-color: #F7F7F7; border: 0px #F0F0F0 solid; padding:0px 4px 0px 4px" class="hierarchy"/><td style="vertical-align: top; text-align : left; background-color: #F7F7F7; border: 0px #F0F0F0 solid; padding:0px 4px 0px 4px" class="hierarchy">1..*</td><td style="vertical-align: top; text-align : left; background-color: #F7F7F7; border: 0px #F0F0F0 solid; padding:0px 4px 0px 4px" class="hierarchy"><a href="http://hl7.org/fhir/R4/datatypes.html#uri">uri</a></td><td style="vertical-align: top; text-align : left; background-color: #F7F7F7; border: 0px #F0F0F0 solid; padding:0px 4px 0px 4px" class="hierarchy">Type<br/></td></tr>
<tr style="border: 0px #F0F0F0 solid; padding:0px; vertical-align: top; background-color: white"><td style="vertical-align: top; text-align : left; background-color: white; border: 0px #F0F0F0 solid; padding:0px 4px 0px 4px; white-space: nowrap; background-image: url(tbl_bck10.png)" class="hierarchy"><img src="tbl_spacer.png" alt="." style="background-color: inherit" class="hierarchy"/><img src="tbl_vjoin.png" alt="." style="background-color: inherit" class="hierarchy"/><img src="icon_resource.png" alt="." style="background-color: white; background-color: inherit" title="Resource" class="hierarchy"/> <a href="StructureDefinition-VerifiableCredential-definitions.html#VerifiableCredential.credentialStatus" title="Verifiable Credential Status">credentialStatus</a><a name="VerifiableCredential.credentialStatus"> </a></td><td style="vertical-align: top; text-align : left; background-color: white; border: 0px #F0F0F0 solid; padding:0px 4px 0px 4px" class="hierarchy"/><td style="vertical-align: top; text-align : left; background-color: white; border: 0px #F0F0F0 solid; padding:0px 4px 0px 4px" class="hierarchy">0..*</td><td style="vertical-align: top; text-align : left; background-color: white; border: 0px #F0F0F0 solid; padding:0px 4px 0px 4px" class="hierarchy"><a href="StructureDefinition-VerifiableCredentialStatus.html">VerifiableCredentialStatus</a></td><td style="vertical-align: top; text-align : left; background-color: white; border: 0px #F0F0F0 solid; padding:0px 4px 0px 4px" class="hierarchy">Verifiable Credential Status<br/></td></tr>
<tr style="border: 0px #F0F0F0 solid; padding:0px; vertical-align: top; background-color: #F7F7F7"><td style="vertical-align: top; text-align : left; background-color: #F7F7F7; border: 0px #F0F0F0 solid; padding:0px 4px 0px 4px; white-space: nowrap; background-image: url(tbl_bck10.png)" class="hierarchy"><img src="tbl_spacer.png" alt="." style="background-color: inherit" class="hierarchy"/><img src="tbl_vjoin.png" alt="." style="background-color: inherit" class="hierarchy"/><img src="icon_resource.png" alt="." style="background-color: #F7F7F7; background-color: inherit" title="Resource" class="hierarchy"/> <a href="StructureDefinition-VerifiableCredential-definitions.html#VerifiableCredential.credentialSubject" title="Verifiable Credential Subject">credentialSubject</a><a name="VerifiableCredential.credentialSubject"> </a></td><td style="vertical-align: top; text-align : left; background-color: #F7F7F7; border: 0px #F0F0F0 solid; padding:0px 4px 0px 4px" class="hierarchy"/><td style="vertical-align: top; text-align : left; background-color: #F7F7F7; border: 0px #F0F0F0 solid; padding:0px 4px 0px 4px" class="hierarchy">1..*</td><td style="vertical-align: top; text-align : left; background-color: #F7F7F7; border: 0px #F0F0F0 solid; padding:0px 4px 0px 4px" class="hierarchy"><a href="StructureDefinition-VerifiableCredentialSubject.html">VerifiableCredentialSubject</a></td><td style="vertical-align: top; text-align : left; background-color: #F7F7F7; border: 0px #F0F0F0 solid; padding:0px 4px 0px 4px" class="hierarchy">Verifiable Credential Subject<br/></td></tr>
<tr style="border: 0px #F0F0F0 solid; padding:0px; vertical-align: top; background-color: white"><td style="vertical-align: top; text-align : left; background-color: white; border: 0px #F0F0F0 solid; padding:0px 4px 0px 4px; white-space: nowrap; background-image: url(tbl_bck10.png)" class="hierarchy"><img src="tbl_spacer.png" alt="." style="background-color: inherit" class="hierarchy"/><img src="tbl_vjoin.png" alt="." style="background-color: inherit" class="hierarchy"/><img src="icon_primitive.png" alt="." style="background-color: white; background-color: inherit" title="Primitive Data Type" class="hierarchy"/> <a href="StructureDefinition-VerifiableCredential-definitions.html#VerifiableCredential.expirationDate" title="The date and time the credential ceases to be valid.">expirationDate</a><a name="VerifiableCredential.expirationDate"> </a></td><td style="vertical-align: top; text-align : left; background-color: white; border: 0px #F0F0F0 solid; padding:0px 4px 0px 4px" class="hierarchy"/><td style="vertical-align: top; text-align : left; background-color: white; border: 0px #F0F0F0 solid; padding:0px 4px 0px 4px" class="hierarchy">0..1</td><td style="vertical-align: top; text-align : left; background-color: white; border: 0px #F0F0F0 solid; padding:0px 4px 0px 4px" class="hierarchy"><a href="http://hl7.org/fhir/R4/datatypes.html#dateTime">dateTime</a></td><td style="vertical-align: top; text-align : left; background-color: white; border: 0px #F0F0F0 solid; padding:0px 4px 0px 4px" class="hierarchy">Expiration Date</td></tr>
<tr style="border: 0px #F0F0F0 solid; padding:0px; vertical-align: top; background-color: #F7F7F7"><td style="vertical-align: top; text-align : left; background-color: #F7F7F7; border: 0px #F0F0F0 solid; padding:0px 4px 0px 4px; white-space: nowrap; background-image: url(tbl_bck10.png)" class="hierarchy"><img src="tbl_spacer.png" alt="." style="background-color: inherit" class="hierarchy"/><img src="tbl_vjoin.png" alt="." style="background-color: inherit" class="hierarchy"/><img src="icon_resource.png" alt="." style="background-color: #F7F7F7; background-color: inherit" title="Resource" class="hierarchy"/> <a href="StructureDefinition-VerifiableCredential-definitions.html#VerifiableCredential.evidence" title="Verifiable Credential Evidence">evidence</a><a name="VerifiableCredential.evidence"> </a></td><td style="vertical-align: top; text-align : left; background-color: #F7F7F7; border: 0px #F0F0F0 solid; padding:0px 4px 0px 4px" class="hierarchy"/><td style="vertical-align: top; text-align : left; background-color: #F7F7F7; border: 0px #F0F0F0 solid; padding:0px 4px 0px 4px" class="hierarchy">0..*</td><td style="vertical-align: top; text-align : left; background-color: #F7F7F7; border: 0px #F0F0F0 solid; padding:0px 4px 0px 4px" class="hierarchy"><a href="StructureDefinition-VerifiableCredentialEvidence.html">VerifiableCredentialEvidence</a></td><td style="vertical-align: top; text-align : left; background-color: #F7F7F7; border: 0px #F0F0F0 solid; padding:0px 4px 0px 4px" class="hierarchy">Evidence<br/></td></tr>
<tr style="border: 0px #F0F0F0 solid; padding:0px; vertical-align: top; background-color: white"><td style="vertical-align: top; text-align : left; background-color: white; border: 0px #F0F0F0 solid; padding:0px 4px 0px 4px; white-space: nowrap; background-image: url(tbl_bck10.png)" class="hierarchy"><img src="tbl_spacer.png" alt="." style="background-color: inherit" class="hierarchy"/><img src="tbl_vjoin.png" alt="." style="background-color: inherit" class="hierarchy"/><img src="icon_primitive.png" alt="." style="background-color: white; background-color: inherit" title="Primitive Data Type" class="hierarchy"/> <a href="StructureDefinition-VerifiableCredential-definitions.html#VerifiableCredential.holder" title="The holder of the credential">holder</a><a name="VerifiableCredential.holder"> </a></td><td style="vertical-align: top; text-align : left; background-color: white; border: 0px #F0F0F0 solid; padding:0px 4px 0px 4px" class="hierarchy"/><td style="vertical-align: top; text-align : left; background-color: white; border: 0px #F0F0F0 solid; padding:0px 4px 0px 4px" class="hierarchy">0..1</td><td style="vertical-align: top; text-align : left; background-color: white; border: 0px #F0F0F0 solid; padding:0px 4px 0px 4px" class="hierarchy"><a href="http://hl7.org/fhir/R4/datatypes.html#uri">uri</a></td><td style="vertical-align: top; text-align : left; background-color: white; border: 0px #F0F0F0 solid; padding:0px 4px 0px 4px" class="hierarchy">Holder</td></tr>
<tr style="border: 0px #F0F0F0 solid; padding:0px; vertical-align: top; background-color: #F7F7F7"><td style="vertical-align: top; text-align : left; background-color: #F7F7F7; border: 0px #F0F0F0 solid; padding:0px 4px 0px 4px; white-space: nowrap; background-image: url(tbl_bck10.png)" class="hierarchy"><img src="tbl_spacer.png" alt="." style="background-color: inherit" class="hierarchy"/><img src="tbl_vjoin.png" alt="." style="background-color: inherit" class="hierarchy"/><img src="icon_primitive.png" alt="." style="background-color: #F7F7F7; background-color: inherit" title="Primitive Data Type" class="hierarchy"/> <a href="StructureDefinition-VerifiableCredential-definitions.html#VerifiableCredential.issued" title="Issued">issued</a><a name="VerifiableCredential.issued"> </a></td><td style="vertical-align: top; text-align : left; background-color: #F7F7F7; border: 0px #F0F0F0 solid; padding:0px 4px 0px 4px" class="hierarchy"/><td style="vertical-align: top; text-align : left; background-color: #F7F7F7; border: 0px #F0F0F0 solid; padding:0px 4px 0px 4px" class="hierarchy">0..1</td><td style="vertical-align: top; text-align : left; background-color: #F7F7F7; border: 0px #F0F0F0 solid; padding:0px 4px 0px 4px" class="hierarchy"><a href="http://hl7.org/fhir/R4/datatypes.html#dateTime">dateTime</a></td><td style="vertical-align: top; text-align : left; background-color: #F7F7F7; border: 0px #F0F0F0 solid; padding:0px 4px 0px 4px" class="hierarchy">Issued</td></tr>
<tr style="border: 0px #F0F0F0 solid; padding:0px; vertical-align: top; background-color: white"><td style="vertical-align: top; text-align : left; background-color: white; border: 0px #F0F0F0 solid; padding:0px 4px 0px 4px; white-space: nowrap; background-image: url(tbl_bck10.png)" class="hierarchy"><img src="tbl_spacer.png" alt="." style="background-color: inherit" class="hierarchy"/><img src="tbl_vjoin.png" alt="." style="background-color: inherit" class="hierarchy"/><img src="icon_primitive.png" alt="." style="background-color: white; background-color: inherit" title="Primitive Data Type" class="hierarchy"/> <a href="StructureDefinition-VerifiableCredential-definitions.html#VerifiableCredential.issuer" title="The entity that issued the credential">issuer</a><a name="VerifiableCredential.issuer"> </a></td><td style="vertical-align: top; text-align : left; background-color: white; border: 0px #F0F0F0 solid; padding:0px 4px 0px 4px" class="hierarchy"/><td style="vertical-align: top; text-align : left; background-color: white; border: 0px #F0F0F0 solid; padding:0px 4px 0px 4px" class="hierarchy">1..1</td><td style="vertical-align: top; text-align : left; background-color: white; border: 0px #F0F0F0 solid; padding:0px 4px 0px 4px" class="hierarchy"><a href="http://hl7.org/fhir/R4/datatypes.html#url">url</a></td><td style="vertical-align: top; text-align : left; background-color: white; border: 0px #F0F0F0 solid; padding:0px 4px 0px 4px" class="hierarchy">Issue</td></tr>
<tr style="border: 0px #F0F0F0 solid; padding:0px; vertical-align: top; background-color: #F7F7F7"><td style="vertical-align: top; text-align : left; background-color: #F7F7F7; border: 0px #F0F0F0 solid; padding:0px 4px 0px 4px; white-space: nowrap; background-image: url(tbl_bck10.png)" class="hierarchy"><img src="tbl_spacer.png" alt="." style="background-color: inherit" class="hierarchy"/><img src="tbl_vjoin.png" alt="." style="background-color: inherit" class="hierarchy"/><img src="icon_primitive.png" alt="." style="background-color: #F7F7F7; background-color: inherit" title="Primitive Data Type" class="hierarchy"/> <a href="StructureDefinition-VerifiableCredential-definitions.html#VerifiableCredential.issuanceDate" title="The date and time the credential becomes valid, which could be a date and time in the future. Note that this value represents the earliest point in time at which the information associated with the credentialSubject property becomes valid.">issuanceDate</a><a name="VerifiableCredential.issuanceDate"> </a></td><td style="vertical-align: top; text-align : left; background-color: #F7F7F7; border: 0px #F0F0F0 solid; padding:0px 4px 0px 4px" class="hierarchy"/><td style="vertical-align: top; text-align : left; background-color: #F7F7F7; border: 0px #F0F0F0 solid; padding:0px 4px 0px 4px" class="hierarchy">0..1</td><td style="vertical-align: top; text-align : left; background-color: #F7F7F7; border: 0px #F0F0F0 solid; padding:0px 4px 0px 4px" class="hierarchy"><a href="http://hl7.org/fhir/R4/datatypes.html#dateTime">dateTime</a></td><td style="vertical-align: top; text-align : left; background-color: #F7F7F7; border: 0px #F0F0F0 solid; padding:0px 4px 0px 4px" class="hierarchy">Issuance Date</td></tr>
<tr style="border: 0px #F0F0F0 solid; padding:0px; vertical-align: top; background-color: white"><td style="vertical-align: top; text-align : left; background-color: white; border: 0px #F0F0F0 solid; padding:0px 4px 0px 4px; white-space: nowrap; background-image: url(tbl_bck10.png)" class="hierarchy"><img src="tbl_spacer.png" alt="." style="background-color: inherit" class="hierarchy"/><img src="tbl_vjoin.png" alt="." style="background-color: inherit" class="hierarchy"/><img src="icon_resource.png" alt="." style="background-color: white; background-color: inherit" title="Resource" class="hierarchy"/> <a href="StructureDefinition-VerifiableCredential-definitions.html#VerifiableCredential.proof" title="One or more cryptographic proofs that can be used to detect tampering and verify the authorship">proof</a><a name="VerifiableCredential.proof"> </a></td><td style="vertical-align: top; text-align : left; background-color: white; border: 0px #F0F0F0 solid; padding:0px 4px 0px 4px" class="hierarchy"/><td style="vertical-align: top; text-align : left; background-color: white; border: 0px #F0F0F0 solid; padding:0px 4px 0px 4px" class="hierarchy">1..*</td><td style="vertical-align: top; text-align : left; background-color: white; border: 0px #F0F0F0 solid; padding:0px 4px 0px 4px" class="hierarchy"><a href="StructureDefinition-VerifiableCredentialProof.html">VerifiableCredentialProof</a></td><td style="vertical-align: top; text-align : left; background-color: white; border: 0px #F0F0F0 solid; padding:0px 4px 0px 4px" class="hierarchy">Proof<br/></td></tr>
<tr style="border: 0px #F0F0F0 solid; padding:0px; vertical-align: top; background-color: #F7F7F7"><td style="vertical-align: top; text-align : left; background-color: #F7F7F7; border: 0px #F0F0F0 solid; padding:0px 4px 0px 4px; white-space: nowrap; background-image: url(tbl_bck10.png)" class="hierarchy"><img src="tbl_spacer.png" alt="." style="background-color: inherit" class="hierarchy"/><img src="tbl_vjoin.png" alt="." style="background-color: inherit" class="hierarchy"/><img src="icon_resource.png" alt="." style="background-color: #F7F7F7; background-color: inherit" title="Resource" class="hierarchy"/> <a href="StructureDefinition-VerifiableCredential-definitions.html#VerifiableCredential.refreshService" title="Refresh Service">refreshService</a><a name="VerifiableCredential.refreshService"> </a></td><td style="vertical-align: top; text-align : left; background-color: #F7F7F7; border: 0px #F0F0F0 solid; padding:0px 4px 0px 4px" class="hierarchy"/><td style="vertical-align: top; text-align : left; background-color: #F7F7F7; border: 0px #F0F0F0 solid; padding:0px 4px 0px 4px" class="hierarchy">0..*</td><td style="vertical-align: top; text-align : left; background-color: #F7F7F7; border: 0px #F0F0F0 solid; padding:0px 4px 0px 4px" class="hierarchy"><a href="StructureDefinition-VerifiableCredentialRefreshService.html">VerifiableCredentialRefreshService</a></td><td style="vertical-align: top; text-align : left; background-color: #F7F7F7; border: 0px #F0F0F0 solid; padding:0px 4px 0px 4px" class="hierarchy">Refresh Service<br/></td></tr>
<tr style="border: 0px #F0F0F0 solid; padding:0px; vertical-align: top; background-color: white"><td style="vertical-align: top; text-align : left; background-color: white; border: 0px #F0F0F0 solid; padding:0px 4px 0px 4px; white-space: nowrap; background-image: url(tbl_bck10.png)" class="hierarchy"><img src="tbl_spacer.png" alt="." style="background-color: inherit" class="hierarchy"/><img src="tbl_vjoin.png" alt="." style="background-color: inherit" class="hierarchy"/><img src="icon_resource.png" alt="." style="background-color: white; background-color: inherit" title="Resource" class="hierarchy"/> <a href="StructureDefinition-VerifiableCredential-definitions.html#VerifiableCredential.termsofUse" title="Terms of Use">termsofUse</a><a name="VerifiableCredential.termsofUse"> </a></td><td style="vertical-align: top; text-align : left; background-color: white; border: 0px #F0F0F0 solid; padding:0px 4px 0px 4px" class="hierarchy"/><td style="vertical-align: top; text-align : left; background-color: white; border: 0px #F0F0F0 solid; padding:0px 4px 0px 4px" class="hierarchy">0..1</td><td style="vertical-align: top; text-align : left; background-color: white; border: 0px #F0F0F0 solid; padding:0px 4px 0px 4px" class="hierarchy"><a href="StructureDefinition-VerifiableCredentialTermsOfUse.html">VerifiableCredentialTermsOfUse</a></td><td style="vertical-align: top; text-align : left; background-color: white; border: 0px #F0F0F0 solid; padding:0px 4px 0px 4px" class="hierarchy">Terms of Use</td></tr>
<tr style="border: 0px #F0F0F0 solid; padding:0px; vertical-align: top; background-color: #F7F7F7"><td style="vertical-align: top; text-align : left; background-color: #F7F7F7; border: 0px #F0F0F0 solid; padding:0px 4px 0px 4px; white-space: nowrap; background-image: url(tbl_bck10.png)" class="hierarchy"><img src="tbl_spacer.png" alt="." style="background-color: inherit" class="hierarchy"/><img src="tbl_vjoin.png" alt="." style="background-color: inherit" class="hierarchy"/><img src="icon_primitive.png" alt="." style="background-color: #F7F7F7; background-color: inherit" title="Primitive Data Type" class="hierarchy"/> <a href="StructureDefinition-VerifiableCredential-definitions.html#VerifiableCredential.validFrom" title="Valid From">validFrom</a><a name="VerifiableCredential.validFrom"> </a></td><td style="vertical-align: top; text-align : left; background-color: #F7F7F7; border: 0px #F0F0F0 solid; padding:0px 4px 0px 4px" class="hierarchy"/><td style="vertical-align: top; text-align : left; background-color: #F7F7F7; border: 0px #F0F0F0 solid; padding:0px 4px 0px 4px" class="hierarchy">0..1</td><td style="vertical-align: top; text-align : left; background-color: #F7F7F7; border: 0px #F0F0F0 solid; padding:0px 4px 0px 4px" class="hierarchy"><a href="http://hl7.org/fhir/R4/datatypes.html#dateTime">dateTime</a></td><td style="vertical-align: top; text-align : left; background-color: #F7F7F7; border: 0px #F0F0F0 solid; padding:0px 4px 0px 4px" class="hierarchy">Valid From</td></tr>
<tr style="border: 0px #F0F0F0 solid; padding:0px; vertical-align: top; background-color: white"><td style="vertical-align: top; text-align : left; background-color: white; border: 0px #F0F0F0 solid; padding:0px 4px 0px 4px; white-space: nowrap; background-image: url(tbl_bck00.png)" class="hierarchy"><img src="tbl_spacer.png" alt="." style="background-color: inherit" class="hierarchy"/><img src="tbl_vjoin_end.png" alt="." style="background-color: inherit" class="hierarchy"/><img src="icon_primitive.png" alt="." style="background-color: white; background-color: inherit" title="Primitive Data Type" class="hierarchy"/> <a href="StructureDefinition-VerifiableCredential-definitions.html#VerifiableCredential.validUntil" title="Valid Until">validUntil</a><a name="VerifiableCredential.validUntil"> </a></td><td style="vertical-align: top; text-align : left; background-color: white; border: 0px #F0F0F0 solid; padding:0px 4px 0px 4px" class="hierarchy"/><td style="vertical-align: top; text-align : left; background-color: white; border: 0px #F0F0F0 solid; padding:0px 4px 0px 4px" class="hierarchy">0..1</td><td style="vertical-align: top; text-align : left; background-color: white; border: 0px #F0F0F0 solid; padding:0px 4px 0px 4px" class="hierarchy"><a href="http://hl7.org/fhir/R4/datatypes.html#dateTime">dateTime</a></td><td style="vertical-align: top; text-align : left; background-color: white; border: 0px #F0F0F0 solid; padding:0px 4px 0px 4px" class="hierarchy">Valid Until</td></tr>
<tr><td colspan="5" class="hierarchy"><br/><a href="https://build.fhir.org/ig/FHIR/ig-guidance/readingIgs.html#table-views" title="Legend for this format"><img src="http://hl7.org/fhir/R4/help16.png" alt="doco" style="background-color: inherit"/> Documentation for this format</a></td></tr></table></div></text><url value="http://litlfred.github.io/iv-vcs/StructureDefinition/VerifiableCredential"/><version value="0.2.1"/><name value="VerifiableCredential"/><title value="Logical Model for Verifiable Credentials"/><status value="draft"/><date value="2023-01-10T13:29:07+00:00"/><publisher value="WHO"/><contact><name value="WHO"/><telecom><system value="url"/><value value="http://who.int"/></telecom></contact><description value="Logical Model for Verifiable Credentials"/><jurisdiction><coding><system value="http://unstats.un.org/unsd/methods/m49/m49.htm"/><code value="001"/></coding></jurisdiction><fhirVersion value="4.0.1"/><mapping><identity value="rim"/><uri value="http://hl7.org/v3"/><name value="RIM Mapping"/></mapping><kind value="logical"/><abstract value="false"/><type value="http://litlfred.github.io/iv-vcs/StructureDefinition/VerifiableCredential"/><baseDefinition value="http://hl7.org/fhir/StructureDefinition/Base"/><derivation value="specialization"/><snapshot><element id="VerifiableCredential"><path value="VerifiableCredential"/><short value="Logical Model for Verifiable Credentials"/><definition value="Logical Model for Verifiable Credentials"/><min value="0"/><max value="*"/><base><path value="Base"/><min value="0"/><max value="*"/></base><isModifier value="false"/></element><element id="VerifiableCredential.context"><path value="VerifiableCredential.context"/><short value="Context"/><definition value="Sets the context of the verifiable credential"/><min value="1"/><max value="*"/><base><path value="VerifiableCredential.context"/><min value="1"/><max value="*"/></base><type><code value="uri"/></type></element><element id="VerifiableCredential.id"><path value="VerifiableCredential.id"/><short value="Identifier"/><definition value="The value of the id property MUST be a single URI. It is RECOMMENDED that the URI in the id be one which, if dereferenced, results in a document containing machine-readable information about the id."/><min value="1"/><max value="1"/><base><path value="VerifiableCredential.id"/><min value="1"/><max value="1"/></base><type><code value="url"/></type></element><element id="VerifiableCredential.type"><path value="VerifiableCredential.type"/><short value="Type"/><definition value="The value of the type property"/><min value="1"/><max value="*"/><base><path value="VerifiableCredential.type"/><min value="1"/><max value="*"/></base><type><code value="uri"/></type></element><element id="VerifiableCredential.credentialStatus"><path value="VerifiableCredential.credentialStatus"/><short value="Verifiable Credential Status"/><definition value="Verifiable Credential Status"/><min value="0"/><max value="*"/><base><path value="VerifiableCredential.credentialStatus"/><min value="0"/><max value="*"/></base><type><code value="http://litlfred.github.io/iv-vcs/StructureDefinition/VerifiableCredentialStatus"/></type></element><element id="VerifiableCredential.credentialSubject"><path value="VerifiableCredential.credentialSubject"/><short value="Verifiable Credential Subject"/><definition value="Verifiable Credential Subject"/><min value="1"/><max value="*"/><base><path value="VerifiableCredential.credentialSubject"/><min value="1"/><max value="*"/></base><type><code value="http://litlfred.github.io/iv-vcs/StructureDefinition/VerifiableCredentialSubject"/></type></element><element id="VerifiableCredential.expirationDate"><path value="VerifiableCredential.expirationDate"/><short value="Expiration Date"/><definition value="The date and time the credential ceases to be valid."/><min value="0"/><max value="1"/><base><path value="VerifiableCredential.expirationDate"/><min value="0"/><max value="1"/></base><type><code value="dateTime"/></type></element><element id="VerifiableCredential.evidence"><path value="VerifiableCredential.evidence"/><short value="Evidence"/><definition value="Verifiable Credential Evidence"/><min value="0"/><max value="*"/><base><path value="VerifiableCredential.evidence"/><min value="0"/><max value="*"/></base><type><code value="http://litlfred.github.io/iv-vcs/StructureDefinition/VerifiableCredentialEvidence"/></type></element><element id="VerifiableCredential.holder"><path value="VerifiableCredential.holder"/><short value="Holder"/><definition value="The holder of the credential"/><min value="0"/><max value="1"/><base><path value="VerifiableCredential.holder"/><min value="0"/><max value="1"/></base><type><code value="uri"/></type></element><element id="VerifiableCredential.issued"><path value="VerifiableCredential.issued"/><short value="Issued"/><definition value="Issued"/><min value="0"/><max value="1"/><base><path value="VerifiableCredential.issued"/><min value="0"/><max value="1"/></base><type><code value="dateTime"/></type></element><element id="VerifiableCredential.issuer"><path value="VerifiableCredential.issuer"/><short value="Issue"/><definition value="The entity that issued the credential"/><min value="1"/><max value="1"/><base><path value="VerifiableCredential.issuer"/><min value="1"/><max value="1"/></base><type><code value="url"/></type></element><element id="VerifiableCredential.issuanceDate"><path value="VerifiableCredential.issuanceDate"/><short value="Issuance Date"/><definition value="The date and time the credential becomes valid, which could be a date and time in the future. Note that this value represents the earliest point in time at which the information associated with the credentialSubject property becomes valid."/><min value="0"/><max value="1"/><base><path value="VerifiableCredential.issuanceDate"/><min value="0"/><max value="1"/></base><type><code value="dateTime"/></type></element><element id="VerifiableCredential.proof"><path value="VerifiableCredential.proof"/><short value="Proof"/><definition value="One or more cryptographic proofs that can be used to detect tampering and verify the authorship"/><min value="1"/><max value="*"/><base><path value="VerifiableCredential.proof"/><min value="1"/><max value="*"/></base><type><code value="http://litlfred.github.io/iv-vcs/StructureDefinition/VerifiableCredentialProof"/></type></element><element id="VerifiableCredential.refreshService"><path value="VerifiableCredential.refreshService"/><short value="Refresh Service"/><definition value="Refresh Service"/><min value="0"/><max value="*"/><base><path value="VerifiableCredential.refreshService"/><min value="0"/><max value="*"/></base><type><code value="http://litlfred.github.io/iv-vcs/StructureDefinition/VerifiableCredentialRefreshService"/></type></element><element id="VerifiableCredential.termsofUse"><path value="VerifiableCredential.termsofUse"/><short value="Terms of Use"/><definition value="Terms of Use"/><min value="0"/><max value="1"/><base><path value="VerifiableCredential.termsofUse"/><min value="0"/><max value="1"/></base><type><code value="http://litlfred.github.io/iv-vcs/StructureDefinition/VerifiableCredentialTermsOfUse"/></type></element><element id="VerifiableCredential.validFrom"><path value="VerifiableCredential.validFrom"/><short value="Valid From"/><definition value="Valid From"/><min value="0"/><max value="1"/><base><path value="VerifiableCredential.validFrom"/><min value="0"/><max value="1"/></base><type><code value="dateTime"/></type></element><element id="VerifiableCredential.validUntil"><path value="VerifiableCredential.validUntil"/><short value="Valid Until"/><definition value="Valid Until"/><min value="0"/><max value="1"/><base><path value="VerifiableCredential.validUntil"/><min value="0"/><max value="1"/></base><type><code value="dateTime"/></type></element></snapshot><differential><element id="VerifiableCredential"><path value="VerifiableCredential"/><short value="Logical Model for Verifiable Credentials"/><definition value="Logical Model for Verifiable Credentials"/></element><element id="VerifiableCredential.context"><path value="VerifiableCredential.context"/><short value="Context"/><definition value="Sets the context of the verifiable credential"/><min value="1"/><max value="*"/><type><code value="uri"/></type></element><element id="VerifiableCredential.id"><path value="VerifiableCredential.id"/><short value="Identifier"/><definition value="The value of the id property MUST be a single URI. It is RECOMMENDED that the URI in the id be one which, if dereferenced, results in a document containing machine-readable information about the id."/><min value="1"/><max value="1"/><type><code value="url"/></type></element><element id="VerifiableCredential.type"><path value="VerifiableCredential.type"/><short value="Type"/><definition value="The value of the type property"/><min value="1"/><max value="*"/><type><code value="uri"/></type></element><element id="VerifiableCredential.credentialStatus"><path value="VerifiableCredential.credentialStatus"/><short value="Verifiable Credential Status"/><definition value="Verifiable Credential Status"/><min value="0"/><max value="*"/><type><code value="http://litlfred.github.io/iv-vcs/StructureDefinition/VerifiableCredentialStatus"/></type></element><element id="VerifiableCredential.credentialSubject"><path value="VerifiableCredential.credentialSubject"/><short value="Verifiable Credential Subject"/><definition value="Verifiable Credential Subject"/><min value="1"/><max value="*"/><type><code value="http://litlfred.github.io/iv-vcs/StructureDefinition/VerifiableCredentialSubject"/></type></element><element id="VerifiableCredential.expirationDate"><path value="VerifiableCredential.expirationDate"/><short value="Expiration Date"/><definition value="The date and time the credential ceases to be valid."/><min value="0"/><max value="1"/><type><code value="dateTime"/></type></element><element id="VerifiableCredential.evidence"><path value="VerifiableCredential.evidence"/><short value="Evidence"/><definition value="Verifiable Credential Evidence"/><min value="0"/><max value="*"/><type><code value="http://litlfred.github.io/iv-vcs/StructureDefinition/VerifiableCredentialEvidence"/></type></element><element id="VerifiableCredential.holder"><path value="VerifiableCredential.holder"/><short value="Holder"/><definition value="The holder of the credential"/><min value="0"/><max value="1"/><type><code value="uri"/></type></element><element id="VerifiableCredential.issued"><path value="VerifiableCredential.issued"/><short value="Issued"/><definition value="Issued"/><min value="0"/><max value="1"/><type><code value="dateTime"/></type></element><element id="VerifiableCredential.issuer"><path value="VerifiableCredential.issuer"/><short value="Issue"/><definition value="The entity that issued the credential"/><min value="1"/><max value="1"/><type><code value="url"/></type></element><element id="VerifiableCredential.issuanceDate"><path value="VerifiableCredential.issuanceDate"/><short value="Issuance Date"/><definition value="The date and time the credential becomes valid, which could be a date and time in the future. Note that this value represents the earliest point in time at which the information associated with the credentialSubject property becomes valid."/><min value="0"/><max value="1"/><type><code value="dateTime"/></type></element><element id="VerifiableCredential.proof"><path value="VerifiableCredential.proof"/><short value="Proof"/><definition value="One or more cryptographic proofs that can be used to detect tampering and verify the authorship"/><min value="1"/><max value="*"/><type><code value="http://litlfred.github.io/iv-vcs/StructureDefinition/VerifiableCredentialProof"/></type></element><element id="VerifiableCredential.refreshService"><path value="VerifiableCredential.refreshService"/><short value="Refresh Service"/><definition value="Refresh Service"/><min value="0"/><max value="*"/><type><code value="http://litlfred.github.io/iv-vcs/StructureDefinition/VerifiableCredentialRefreshService"/></type></element><element id="VerifiableCredential.termsofUse"><path value="VerifiableCredential.termsofUse"/><short value="Terms of Use"/><definition value="Terms of Use"/><min value="0"/><max value="1"/><type><code value="http://litlfred.github.io/iv-vcs/StructureDefinition/VerifiableCredentialTermsOfUse"/></type></element><element id="VerifiableCredential.validFrom"><path value="VerifiableCredential.validFrom"/><short value="Valid From"/><definition value="Valid From"/><min value="0"/><max value="1"/><type><code value="dateTime"/></type></element><element id="VerifiableCredential.validUntil"><path value="VerifiableCredential.validUntil"/><short value="Valid Until"/><definition value="Valid Until"/><min value="0"/><max value="1"/><type><code value="dateTime"/></type></element></differential></StructureDefinition>