<?xml version="1.0" encoding="UTF-8"?><ValueSet xmlns="http://hl7.org/fhir"><id value="verfiable-credential-type"/><text><status value="generated"/><div xmlns="http://www.w3.org/1999/xhtml"><ul><li>Include these codes as defined in <code>https://www.w3.org/2018/credentials/v1</code><table class="none"><tr><td style="white-space:nowrap"><b>Code</b></td><td><b>Display</b></td></tr><tr><td>VC</td><td>Verifiable Credential</td></tr></table></li></ul></div></text><url value="http://worldhealthorganization.github.io/smart-ig-empty/ValueSet/verfiable-credential-type"/><version value="0.2.1"/><name value="VerifiableCredentualType"/><title value="Types of Verifiable Credenitals"/><status value="draft"/><date value="2022-12-09T07:59:59+00:00"/><publisher value="WHO"/><contact><name value="WHO"/><telecom><system value="url"/><value value="http://who.int"/></telecom></contact><description value="Types of Verifiable Credenitals"/><jurisdiction><coding><system value="http://unstats.un.org/unsd/methods/m49/m49.htm"/><code value="001"/></coding></jurisdiction><compose><include><system value="https://www.w3.org/2018/credentials/v1"/><concept><code value="VC"/><display value="Verifiable Credential"/></concept></include></compose></ValueSet>