"Id","Path","Slice Name","Alias(s)","Label","Min","Max","Must Support?","Is Modifier?","Is Summary?","Type(s)","Short","Definition","Comments","Requirements","Default Value","Meaning When Missing","Fixed Value","Pattern","Example","Minimum Value","Maximum Value","Maximum Length","Binding Strength","Binding Description","Binding Value Set","Code","Slicing Discriminator","Slicing Description","Slicing Ordered","Slicing Rules","Base Path","Base Min","Base Max","Condition(s)","Constraint(s)","Mapping: RIM Mapping"
"VerifiableCredentialEvidence","VerifiableCredentialEvidence","","","",0,*,"","","","","Logical Model for Verifiable Credential Evidence","Logical Model for Verifiable Credential Evidence","","","","","","","","","",,,,,"",,,,"Base",0,*,"",""
"VerifiableCredentialEvidence.id","VerifiableCredentialEvidence.id","","","",0,1,"","","","url {[]} {[]}
","Idenitigifer","URL that points to where more information about this instance of evidence can be found","","","","","","","","","",,,,,"",,,,"VerifiableCredentialEvidence.id",0,1,"",""
"VerifiableCredentialEvidence.type","VerifiableCredentialEvidence.type","","","",1,1,"","","","string {[]} {[]}
","Type","Type of evidence","","","","","","","","","",,,,,"",,,,"VerifiableCredentialEvidence.type",1,1,"",""
