{
  "resourceType" : "StructureDefinition",
  "id" : "VerifiableCredentialBundle",
  "text" : {
    "status" : "extensions",
    "div" : "<div xmlns=\"http://www.w3.org/1999/xhtml\"><table border=\"0\" cellpadding=\"0\" cellspacing=\"0\" style=\"border: 0px #F0F0F0 solid; font-size: 11px; font-family: verdana; vertical-align: top;\"><tr style=\"border: 1px #F0F0F0 solid; font-size: 11px; font-family: verdana; vertical-align: top\"><th style=\"vertical-align: top; text-align : left; background-color: white; border: 0px #F0F0F0 solid; padding:0px 4px 0px 4px\" class=\"hierarchy\"><a href=\"http://build.fhir.org/ig/FHIR/ig-guidance/readingIgs.html#table-views\" title=\"The logical name of the element\">Name</a></th><th style=\"vertical-align: top; text-align : left; background-color: white; border: 0px #F0F0F0 solid; padding:0px 4px 0px 4px\" class=\"hierarchy\"><a href=\"http://build.fhir.org/ig/FHIR/ig-guidance/readingIgs.html#table-views\" title=\"Information about the use of the element\">Flags</a></th><th style=\"vertical-align: top; text-align : left; background-color: white; border: 0px #F0F0F0 solid; padding:0px 4px 0px 4px\" class=\"hierarchy\"><a href=\"http://build.fhir.org/ig/FHIR/ig-guidance/readingIgs.html#table-views\" title=\"Minimum and Maximum # of times the the element can appear in the instance\">Card.</a></th><th style=\"width: 100px\" class=\"hierarchy\"><a href=\"http://build.fhir.org/ig/FHIR/ig-guidance/readingIgs.html#table-views\" title=\"Reference to the type of the element\">Type</a></th><th style=\"vertical-align: top; text-align : left; background-color: white; border: 0px #F0F0F0 solid; padding:0px 4px 0px 4px\" class=\"hierarchy\"><a href=\"http://build.fhir.org/ig/FHIR/ig-guidance/readingIgs.html#table-views\" title=\"Additional information about the element\">Description &amp; Constraints</a><span style=\"float: right\"><a href=\"http://build.fhir.org/ig/FHIR/ig-guidance/readingIgs.html#table-views\" title=\"Legend for this format\"><img src=\"http://hl7.org/fhir/R4/help16.png\" alt=\"doco\" style=\"background-color: inherit\"/></a></span></th></tr><tr style=\"border: 0px #F0F0F0 solid; padding:0px; vertical-align: top; background-color: white\"><td style=\"vertical-align: top; text-align : left; background-color: white; border: 0px #F0F0F0 solid; padding:0px 4px 0px 4px; white-space: nowrap; background-image: url(tbl_bck0.png)\" class=\"hierarchy\"><img src=\"tbl_spacer.png\" alt=\".\" style=\"background-color: inherit\" class=\"hierarchy\"/><img src=\"icon_element.gif\" alt=\".\" style=\"background-color: white; background-color: inherit\" title=\"Element\" class=\"hierarchy\"/> <a href=\"StructureDefinition-VerifiableCredentialBundle-definitions.html#VerifiableCredentialBundle\" title=\"Logical Model for Verifiable Credentials - FHIR Bundle\">VerifiableCredentialBundle</a><a name=\"VerifiableCredentialBundle\"> </a></td><td style=\"vertical-align: top; text-align : left; background-color: white; border: 0px #F0F0F0 solid; padding:0px 4px 0px 4px\" class=\"hierarchy\"><a style=\"padding-left: 3px; padding-right: 3px; border: 1px maroon solid; font-weight: bold; color: #301212; background-color: #fdf4f4;\" href=\"http://hl7.org/fhir/R4conformance-rules.html#constraints\" title=\"This element has or is affected by constraints (verifiable-credenital-subject-is-bundle)\">C</a></td><td style=\"vertical-align: top; text-align : left; background-color: white; border: 0px #F0F0F0 solid; padding:0px 4px 0px 4px\" class=\"hierarchy\"><span style=\"opacity: 0.5\">0</span><span style=\"opacity: 0.5\">..</span><span style=\"opacity: 0.5\">*</span></td><td style=\"vertical-align: top; text-align : left; background-color: white; border: 0px #F0F0F0 solid; padding:0px 4px 0px 4px\" class=\"hierarchy\"><a href=\"StructureDefinition-VerifiableCredential.html\">VerifiableCredential</a></td><td style=\"vertical-align: top; text-align : left; background-color: white; border: 0px #F0F0F0 solid; padding:0px 4px 0px 4px\" class=\"hierarchy\">Logical Model for Verifiable Credentials - FHIR Bundle<br/><span style=\"font-weight:bold\">verifiable-credenital-subject-is-bundle: </span>Subject of Verifiable Credential is a FHIR Bundle with Version</td></tr>\r\n<tr><td colspan=\"5\" class=\"hierarchy\"><br/><a href=\"http://build.fhir.org/ig/FHIR/ig-guidance/readingIgs.html#table-views\" title=\"Legend for this format\"><img src=\"http://hl7.org/fhir/R4/help16.png\" alt=\"doco\" style=\"background-color: inherit\"/> Documentation for this format</a></td></tr></table></div>"
  },
  "url" : "http://litlfred.github.io/iv-vcs/StructureDefinition/VerifiableCredentialBundle",
  "version" : "0.2.1",
  "name" : "VerifiableCredentialBundle",
  "title" : "Logical Model for Verifiable Credentials - FHIR Bundle",
  "status" : "active",
  "date" : "2022-12-08T13:19:01+00:00",
  "publisher" : "WHO",
  "contact" : [{
    "name" : "WHO",
    "telecom" : [{
      "system" : "url",
      "value" : "http://who.int"
    }]
  }],
  "description" : "Logical Model for Verifiable Credentials - FHIR Bundle",
  "jurisdiction" : [{
    "coding" : [{
      "system" : "http://unstats.un.org/unsd/methods/m49/m49.htm",
      "code" : "001"
    }]
  }],
  "fhirVersion" : "4.0.1",
  "mapping" : [{
    "identity" : "rim",
    "uri" : "http://hl7.org/v3",
    "name" : "RIM Mapping"
  }],
  "kind" : "logical",
  "abstract" : false,
  "type" : "http://litlfred.github.io/iv-vcs/StructureDefinition/VerifiableCredentialBundle",
  "baseDefinition" : "http://litlfred.github.io/iv-vcs/StructureDefinition/VerifiableCredential",
  "derivation" : "specialization",
  "snapshot" : {
    "element" : [{
      "id" : "VerifiableCredentialBundle",
      "path" : "VerifiableCredentialBundle",
      "short" : "Logical Model for Verifiable Credentials - FHIR Bundle",
      "definition" : "Logical Model for Verifiable Credentials - FHIR Bundle",
      "min" : 0,
      "max" : "*",
      "base" : {
        "path" : "Base",
        "min" : 0,
        "max" : "*"
      },
      "constraint" : [{
        "key" : "verifiable-credenital-subject-is-bundle",
        "severity" : "error",
        "human" : "Subject of Verifiable Credential is a FHIR Bundle with Version",
        "expression" : "credentialSubject.is(FHIR.VerfiableCredenitalSubjectBundle)",
        "source" : "http://litlfred.github.io/iv-vcs/StructureDefinition/VerifiableCredentialBundle"
      }],
      "isModifier" : false
    },
    {
      "id" : "VerifiableCredentialBundle.context",
      "path" : "VerifiableCredentialBundle.context",
      "short" : "Context",
      "definition" : "Sets the context of the verifiable credential",
      "min" : 1,
      "max" : "*",
      "base" : {
        "path" : "VerifiableCredential.context",
        "min" : 1,
        "max" : "*"
      },
      "type" : [{
        "code" : "uri"
      }]
    },
    {
      "id" : "VerifiableCredentialBundle.id",
      "path" : "VerifiableCredentialBundle.id",
      "short" : "Identifier",
      "definition" : "The value of the id property MUST be a single URI. It is RECOMMENDED that the URI in the id be one which, if dereferenced, results in a document containing machine-readable information about the id.",
      "min" : 1,
      "max" : "1",
      "base" : {
        "path" : "VerifiableCredential.id",
        "min" : 1,
        "max" : "1"
      },
      "type" : [{
        "code" : "url"
      }]
    },
    {
      "id" : "VerifiableCredentialBundle.type",
      "path" : "VerifiableCredentialBundle.type",
      "short" : "Type",
      "definition" : "The value of the type property",
      "min" : 1,
      "max" : "*",
      "base" : {
        "path" : "VerifiableCredential.type",
        "min" : 1,
        "max" : "*"
      },
      "type" : [{
        "code" : "uri"
      }]
    },
    {
      "id" : "VerifiableCredentialBundle.credentialStatus",
      "path" : "VerifiableCredentialBundle.credentialStatus",
      "short" : "Verifiable Credential Status",
      "definition" : "Verifiable Credential Status",
      "min" : 0,
      "max" : "*",
      "base" : {
        "path" : "VerifiableCredential.credentialStatus",
        "min" : 0,
        "max" : "*"
      },
      "type" : [{
        "code" : "http://litlfred.github.io/iv-vcs/StructureDefinition/VerifiableCredentialStatus"
      }]
    },
    {
      "id" : "VerifiableCredentialBundle.credentialSubject",
      "path" : "VerifiableCredentialBundle.credentialSubject",
      "short" : "Verifiable Credential Subject",
      "definition" : "Verifiable Credential Subject",
      "min" : 1,
      "max" : "*",
      "base" : {
        "path" : "VerifiableCredential.credentialSubject",
        "min" : 1,
        "max" : "*"
      },
      "type" : [{
        "code" : "http://litlfred.github.io/iv-vcs/StructureDefinition/VerifiableCredentialSubject"
      }]
    },
    {
      "id" : "VerifiableCredentialBundle.expirationDate",
      "path" : "VerifiableCredentialBundle.expirationDate",
      "short" : "Expiration Date",
      "definition" : "The date and time the credential ceases to be valid.",
      "min" : 0,
      "max" : "1",
      "base" : {
        "path" : "VerifiableCredential.expirationDate",
        "min" : 0,
        "max" : "1"
      },
      "type" : [{
        "code" : "dateTime"
      }]
    },
    {
      "id" : "VerifiableCredentialBundle.evidence",
      "path" : "VerifiableCredentialBundle.evidence",
      "short" : "Evidence",
      "definition" : "Verifiable Credential Evidence",
      "min" : 0,
      "max" : "*",
      "base" : {
        "path" : "VerifiableCredential.evidence",
        "min" : 0,
        "max" : "*"
      },
      "type" : [{
        "code" : "http://litlfred.github.io/iv-vcs/StructureDefinition/VerifiableCredentialEvidence"
      }]
    },
    {
      "id" : "VerifiableCredentialBundle.holder",
      "path" : "VerifiableCredentialBundle.holder",
      "short" : "Holder",
      "definition" : "The holder of the credential",
      "min" : 0,
      "max" : "1",
      "base" : {
        "path" : "VerifiableCredential.holder",
        "min" : 0,
        "max" : "1"
      },
      "type" : [{
        "code" : "uri"
      }]
    },
    {
      "id" : "VerifiableCredentialBundle.issued",
      "path" : "VerifiableCredentialBundle.issued",
      "short" : "Issued",
      "definition" : "Issued",
      "min" : 0,
      "max" : "1",
      "base" : {
        "path" : "VerifiableCredential.issued",
        "min" : 0,
        "max" : "1"
      },
      "type" : [{
        "code" : "dateTime"
      }]
    },
    {
      "id" : "VerifiableCredentialBundle.issuer",
      "path" : "VerifiableCredentialBundle.issuer",
      "short" : "Issue",
      "definition" : "The entity that issued the credential",
      "min" : 1,
      "max" : "1",
      "base" : {
        "path" : "VerifiableCredential.issuer",
        "min" : 1,
        "max" : "1"
      },
      "type" : [{
        "code" : "url"
      }]
    },
    {
      "id" : "VerifiableCredentialBundle.issuanceDate",
      "path" : "VerifiableCredentialBundle.issuanceDate",
      "short" : "Issuance Date",
      "definition" : "The date and time the credential becomes valid, which could be a date and time in the future. Note that this value represents the earliest point in time at which the information associated with the credentialSubject property becomes valid.",
      "min" : 0,
      "max" : "1",
      "base" : {
        "path" : "VerifiableCredential.issuanceDate",
        "min" : 0,
        "max" : "1"
      },
      "type" : [{
        "code" : "dateTime"
      }]
    },
    {
      "id" : "VerifiableCredentialBundle.proof",
      "path" : "VerifiableCredentialBundle.proof",
      "short" : "Proof",
      "definition" : "One or more cryptographic proofs that can be used to detect tampering and verify the authorship",
      "min" : 1,
      "max" : "*",
      "base" : {
        "path" : "VerifiableCredential.proof",
        "min" : 1,
        "max" : "*"
      },
      "type" : [{
        "code" : "http://litlfred.github.io/iv-vcs/StructureDefinition/VerifiableCredentialProof"
      }]
    },
    {
      "id" : "VerifiableCredentialBundle.refreshService",
      "path" : "VerifiableCredentialBundle.refreshService",
      "short" : "Refresh Service",
      "definition" : "Refresh Service",
      "min" : 0,
      "max" : "*",
      "base" : {
        "path" : "VerifiableCredential.refreshService",
        "min" : 0,
        "max" : "*"
      },
      "type" : [{
        "code" : "http://litlfred.github.io/iv-vcs/StructureDefinition/VerifiableCredentialRefreshService"
      }]
    },
    {
      "id" : "VerifiableCredentialBundle.termsofUse",
      "path" : "VerifiableCredentialBundle.termsofUse",
      "short" : "Terms of Use",
      "definition" : "Terms of Use",
      "min" : 0,
      "max" : "1",
      "base" : {
        "path" : "VerifiableCredential.termsofUse",
        "min" : 0,
        "max" : "1"
      },
      "type" : [{
        "code" : "http://litlfred.github.io/iv-vcs/StructureDefinition/VerifiableCredentialTermsOfUse"
      }]
    },
    {
      "id" : "VerifiableCredentialBundle.validFrom",
      "path" : "VerifiableCredentialBundle.validFrom",
      "short" : "Valid From",
      "definition" : "Valid From",
      "min" : 0,
      "max" : "1",
      "base" : {
        "path" : "VerifiableCredential.validFrom",
        "min" : 0,
        "max" : "1"
      },
      "type" : [{
        "code" : "dateTime"
      }]
    },
    {
      "id" : "VerifiableCredentialBundle.validUntil",
      "path" : "VerifiableCredentialBundle.validUntil",
      "short" : "Valid Until",
      "definition" : "Valid Until",
      "min" : 0,
      "max" : "1",
      "base" : {
        "path" : "VerifiableCredential.validUntil",
        "min" : 0,
        "max" : "1"
      },
      "type" : [{
        "code" : "dateTime"
      }]
    }]
  },
  "differential" : {
    "element" : [{
      "id" : "VerifiableCredentialBundle",
      "path" : "VerifiableCredentialBundle",
      "short" : "Logical Model for Verifiable Credentials - FHIR Bundle",
      "definition" : "Logical Model for Verifiable Credentials - FHIR Bundle",
      "constraint" : [{
        "key" : "verifiable-credenital-subject-is-bundle",
        "severity" : "error",
        "human" : "Subject of Verifiable Credential is a FHIR Bundle with Version",
        "expression" : "credentialSubject.is(FHIR.VerfiableCredenitalSubjectBundle)",
        "source" : "http://litlfred.github.io/iv-vcs/StructureDefinition/VerifiableCredentialBundle"
      }]
    }]
  }
}