<?xml version="1.0" encoding="UTF-8"?>

<StructureDefinition xmlns="http://hl7.org/fhir">
  <id value="VerifiableCredentialBundle"/>
  <text>
    <status value="extensions"/><div xmlns="http://www.w3.org/1999/xhtml"><table border="0" cellpadding="0" cellspacing="0" style="border: 0px #F0F0F0 solid; font-size: 11px; font-family: verdana; vertical-align: top;"><tr style="border: 1px #F0F0F0 solid; font-size: 11px; font-family: verdana; vertical-align: top"><th style="vertical-align: top; text-align : left; background-color: white; border: 0px #F0F0F0 solid; padding:0px 4px 0px 4px" class="hierarchy"><a href="http://build.fhir.org/ig/FHIR/ig-guidance/readingIgs.html#table-views" title="The logical name of the element">Name</a></th><th style="vertical-align: top; text-align : left; background-color: white; border: 0px #F0F0F0 solid; padding:0px 4px 0px 4px" class="hierarchy"><a href="http://build.fhir.org/ig/FHIR/ig-guidance/readingIgs.html#table-views" title="Information about the use of the element">Flags</a></th><th style="vertical-align: top; text-align : left; background-color: white; border: 0px #F0F0F0 solid; padding:0px 4px 0px 4px" class="hierarchy"><a href="http://build.fhir.org/ig/FHIR/ig-guidance/readingIgs.html#table-views" title="Minimum and Maximum # of times the the element can appear in the instance">Card.</a></th><th style="width: 100px" class="hierarchy"><a href="http://build.fhir.org/ig/FHIR/ig-guidance/readingIgs.html#table-views" title="Reference to the type of the element">Type</a></th><th style="vertical-align: top; text-align : left; background-color: white; border: 0px #F0F0F0 solid; padding:0px 4px 0px 4px" class="hierarchy"><a href="http://build.fhir.org/ig/FHIR/ig-guidance/readingIgs.html#table-views" title="Additional information about the element">Description &amp; Constraints</a><span style="float: right"><a href="http://build.fhir.org/ig/FHIR/ig-guidance/readingIgs.html#table-views" title="Legend for this format"><img src="http://hl7.org/fhir/R4/help16.png" alt="doco" style="background-color: inherit"/></a></span></th></tr><tr style="border: 0px #F0F0F0 solid; padding:0px; vertical-align: top; background-color: white"><td style="vertical-align: top; text-align : left; background-color: white; border: 0px #F0F0F0 solid; padding:0px 4px 0px 4px; white-space: nowrap; background-image: url(tbl_bck0.png)" class="hierarchy"><img src="tbl_spacer.png" alt="." style="background-color: inherit" class="hierarchy"/><img src="icon_element.gif" alt="." style="background-color: white; background-color: inherit" title="Element" class="hierarchy"/> <a href="StructureDefinition-VerifiableCredentialBundle-definitions.html#VerifiableCredentialBundle" title="Logical Model for Verifiable Credentials - FHIR Bundle">VerifiableCredentialBundle</a><a name="VerifiableCredentialBundle"> </a></td><td style="vertical-align: top; text-align : left; background-color: white; border: 0px #F0F0F0 solid; padding:0px 4px 0px 4px" class="hierarchy"><a style="padding-left: 3px; padding-right: 3px; border: 1px maroon solid; font-weight: bold; color: #301212; background-color: #fdf4f4;" href="http://hl7.org/fhir/R4conformance-rules.html#constraints" title="This element has or is affected by constraints (verifiable-credenital-subject-is-bundle)">C</a></td><td style="vertical-align: top; text-align : left; background-color: white; border: 0px #F0F0F0 solid; padding:0px 4px 0px 4px" class="hierarchy"><span style="opacity: 0.5">0</span><span style="opacity: 0.5">..</span><span style="opacity: 0.5">*</span></td><td style="vertical-align: top; text-align : left; background-color: white; border: 0px #F0F0F0 solid; padding:0px 4px 0px 4px" class="hierarchy"><a href="StructureDefinition-VerifiableCredential.html">VerifiableCredential</a></td><td style="vertical-align: top; text-align : left; background-color: white; border: 0px #F0F0F0 solid; padding:0px 4px 0px 4px" class="hierarchy">Logical Model for Verifiable Credentials - FHIR Bundle<br/><span style="font-weight:bold">verifiable-credenital-subject-is-bundle: </span>Subject of Verifiable Credential is a FHIR Bundle with Version</td></tr>
<tr><td colspan="5" class="hierarchy"><br/><a href="http://build.fhir.org/ig/FHIR/ig-guidance/readingIgs.html#table-views" title="Legend for this format"><img src="http://hl7.org/fhir/R4/help16.png" alt="doco" style="background-color: inherit"/> Documentation for this format</a></td></tr></table></div>
  </text>
  <url value="http://litlfred.github.io/iv-vcs/StructureDefinition/VerifiableCredentialBundle"/>
  <version value="0.2.1"/>
  <name value="VerifiableCredentialBundle"/>
  <title value="Logical Model for Verifiable Credentials - FHIR Bundle"/>
  <status value="active"/>
  <date value="2022-12-08T13:19:01+00:00"/>
  <publisher value="WHO"/>
  <contact>
    <name value="WHO"/>
    <telecom>
      <system value="url"/>
      <value value="http://who.int"/>
    </telecom>
  </contact>
  <description value="Logical Model for Verifiable Credentials - FHIR Bundle"/>
  <jurisdiction>
    <coding>
      <system value="http://unstats.un.org/unsd/methods/m49/m49.htm"/>
      <code value="001"/>
    </coding>
  </jurisdiction>
  <fhirVersion value="4.0.1"/>
  <mapping>
    <identity value="rim"/>
    <uri value="http://hl7.org/v3"/>
    <name value="RIM Mapping"/>
  </mapping>
  <kind value="logical"/>
  <abstract value="false"/>
  <type value="http://litlfred.github.io/iv-vcs/StructureDefinition/VerifiableCredentialBundle"/>
  <baseDefinition value="http://litlfred.github.io/iv-vcs/StructureDefinition/VerifiableCredential"/>
  <derivation value="specialization"/>
  <snapshot>
    <element id="VerifiableCredentialBundle">
      <path value="VerifiableCredentialBundle"/>
      <short value="Logical Model for Verifiable Credentials - FHIR Bundle"/>
      <definition value="Logical Model for Verifiable Credentials - FHIR Bundle"/>
      <min value="0"/>
      <max value="*"/>
      <base>
        <path value="Base"/>
        <min value="0"/>
        <max value="*"/>
      </base>
      <constraint>
        <key value="verifiable-credenital-subject-is-bundle"/>
        <severity value="error"/>
        <human value="Subject of Verifiable Credential is a FHIR Bundle with Version"/>
        <expression value="credentialSubject.is(FHIR.VerfiableCredenitalSubjectBundle)"/>
        <source value="http://litlfred.github.io/iv-vcs/StructureDefinition/VerifiableCredentialBundle"/>
      </constraint>
      <isModifier value="false"/>
    </element>
    <element id="VerifiableCredentialBundle.context">
      <path value="VerifiableCredentialBundle.context"/>
      <short value="Context"/>
      <definition value="Sets the context of the verifiable credential"/>
      <min value="1"/>
      <max value="*"/>
      <base>
        <path value="VerifiableCredential.context"/>
        <min value="1"/>
        <max value="*"/>
      </base>
      <type>
        <code value="uri"/>
      </type>
    </element>
    <element id="VerifiableCredentialBundle.id">
      <path value="VerifiableCredentialBundle.id"/>
      <short value="Identifier"/>
      <definition value="The value of the id property MUST be a single URI. It is RECOMMENDED that the URI in the id be one which, if dereferenced, results in a document containing machine-readable information about the id."/>
      <min value="1"/>
      <max value="1"/>
      <base>
        <path value="VerifiableCredential.id"/>
        <min value="1"/>
        <max value="1"/>
      </base>
      <type>
        <code value="url"/>
      </type>
    </element>
    <element id="VerifiableCredentialBundle.type">
      <path value="VerifiableCredentialBundle.type"/>
      <short value="Type"/>
      <definition value="The value of the type property"/>
      <min value="1"/>
      <max value="*"/>
      <base>
        <path value="VerifiableCredential.type"/>
        <min value="1"/>
        <max value="*"/>
      </base>
      <type>
        <code value="uri"/>
      </type>
    </element>
    <element id="VerifiableCredentialBundle.credentialStatus">
      <path value="VerifiableCredentialBundle.credentialStatus"/>
      <short value="Verifiable Credential Status"/>
      <definition value="Verifiable Credential Status"/>
      <min value="0"/>
      <max value="*"/>
      <base>
        <path value="VerifiableCredential.credentialStatus"/>
        <min value="0"/>
        <max value="*"/>
      </base>
      <type>
        <code value="http://litlfred.github.io/iv-vcs/StructureDefinition/VerifiableCredentialStatus"/>
      </type>
    </element>
    <element id="VerifiableCredentialBundle.credentialSubject">
      <path value="VerifiableCredentialBundle.credentialSubject"/>
      <short value="Verifiable Credential Subject"/>
      <definition value="Verifiable Credential Subject"/>
      <min value="1"/>
      <max value="*"/>
      <base>
        <path value="VerifiableCredential.credentialSubject"/>
        <min value="1"/>
        <max value="*"/>
      </base>
      <type>
        <code value="http://litlfred.github.io/iv-vcs/StructureDefinition/VerifiableCredentialSubject"/>
      </type>
    </element>
    <element id="VerifiableCredentialBundle.expirationDate">
      <path value="VerifiableCredentialBundle.expirationDate"/>
      <short value="Expiration Date"/>
      <definition value="The date and time the credential ceases to be valid."/>
      <min value="0"/>
      <max value="1"/>
      <base>
        <path value="VerifiableCredential.expirationDate"/>
        <min value="0"/>
        <max value="1"/>
      </base>
      <type>
        <code value="dateTime"/>
      </type>
    </element>
    <element id="VerifiableCredentialBundle.evidence">
      <path value="VerifiableCredentialBundle.evidence"/>
      <short value="Evidence"/>
      <definition value="Verifiable Credential Evidence"/>
      <min value="0"/>
      <max value="*"/>
      <base>
        <path value="VerifiableCredential.evidence"/>
        <min value="0"/>
        <max value="*"/>
      </base>
      <type>
        <code value="http://litlfred.github.io/iv-vcs/StructureDefinition/VerifiableCredentialEvidence"/>
      </type>
    </element>
    <element id="VerifiableCredentialBundle.holder">
      <path value="VerifiableCredentialBundle.holder"/>
      <short value="Holder"/>
      <definition value="The holder of the credential"/>
      <min value="0"/>
      <max value="1"/>
      <base>
        <path value="VerifiableCredential.holder"/>
        <min value="0"/>
        <max value="1"/>
      </base>
      <type>
        <code value="uri"/>
      </type>
    </element>
    <element id="VerifiableCredentialBundle.issued">
      <path value="VerifiableCredentialBundle.issued"/>
      <short value="Issued"/>
      <definition value="Issued"/>
      <min value="0"/>
      <max value="1"/>
      <base>
        <path value="VerifiableCredential.issued"/>
        <min value="0"/>
        <max value="1"/>
      </base>
      <type>
        <code value="dateTime"/>
      </type>
    </element>
    <element id="VerifiableCredentialBundle.issuer">
      <path value="VerifiableCredentialBundle.issuer"/>
      <short value="Issue"/>
      <definition value="The entity that issued the credential"/>
      <min value="1"/>
      <max value="1"/>
      <base>
        <path value="VerifiableCredential.issuer"/>
        <min value="1"/>
        <max value="1"/>
      </base>
      <type>
        <code value="url"/>
      </type>
    </element>
    <element id="VerifiableCredentialBundle.issuanceDate">
      <path value="VerifiableCredentialBundle.issuanceDate"/>
      <short value="Issuance Date"/>
      <definition value="The date and time the credential becomes valid, which could be a date and time in the future. Note that this value represents the earliest point in time at which the information associated with the credentialSubject property becomes valid."/>
      <min value="0"/>
      <max value="1"/>
      <base>
        <path value="VerifiableCredential.issuanceDate"/>
        <min value="0"/>
        <max value="1"/>
      </base>
      <type>
        <code value="dateTime"/>
      </type>
    </element>
    <element id="VerifiableCredentialBundle.proof">
      <path value="VerifiableCredentialBundle.proof"/>
      <short value="Proof"/>
      <definition value="One or more cryptographic proofs that can be used to detect tampering and verify the authorship"/>
      <min value="1"/>
      <max value="*"/>
      <base>
        <path value="VerifiableCredential.proof"/>
        <min value="1"/>
        <max value="*"/>
      </base>
      <type>
        <code value="http://litlfred.github.io/iv-vcs/StructureDefinition/VerifiableCredentialProof"/>
      </type>
    </element>
    <element id="VerifiableCredentialBundle.refreshService">
      <path value="VerifiableCredentialBundle.refreshService"/>
      <short value="Refresh Service"/>
      <definition value="Refresh Service"/>
      <min value="0"/>
      <max value="*"/>
      <base>
        <path value="VerifiableCredential.refreshService"/>
        <min value="0"/>
        <max value="*"/>
      </base>
      <type>
        <code value="http://litlfred.github.io/iv-vcs/StructureDefinition/VerifiableCredentialRefreshService"/>
      </type>
    </element>
    <element id="VerifiableCredentialBundle.termsofUse">
      <path value="VerifiableCredentialBundle.termsofUse"/>
      <short value="Terms of Use"/>
      <definition value="Terms of Use"/>
      <min value="0"/>
      <max value="1"/>
      <base>
        <path value="VerifiableCredential.termsofUse"/>
        <min value="0"/>
        <max value="1"/>
      </base>
      <type>
        <code value="http://litlfred.github.io/iv-vcs/StructureDefinition/VerifiableCredentialTermsOfUse"/>
      </type>
    </element>
    <element id="VerifiableCredentialBundle.validFrom">
      <path value="VerifiableCredentialBundle.validFrom"/>
      <short value="Valid From"/>
      <definition value="Valid From"/>
      <min value="0"/>
      <max value="1"/>
      <base>
        <path value="VerifiableCredential.validFrom"/>
        <min value="0"/>
        <max value="1"/>
      </base>
      <type>
        <code value="dateTime"/>
      </type>
    </element>
    <element id="VerifiableCredentialBundle.validUntil">
      <path value="VerifiableCredentialBundle.validUntil"/>
      <short value="Valid Until"/>
      <definition value="Valid Until"/>
      <min value="0"/>
      <max value="1"/>
      <base>
        <path value="VerifiableCredential.validUntil"/>
        <min value="0"/>
        <max value="1"/>
      </base>
      <type>
        <code value="dateTime"/>
      </type>
    </element>
  </snapshot>
  <differential>
    <element id="VerifiableCredentialBundle">
      <path value="VerifiableCredentialBundle"/>
      <short value="Logical Model for Verifiable Credentials - FHIR Bundle"/>
      <definition value="Logical Model for Verifiable Credentials - FHIR Bundle"/>
      <constraint>
        <key value="verifiable-credenital-subject-is-bundle"/>
        <severity value="error"/>
        <human value="Subject of Verifiable Credential is a FHIR Bundle with Version"/>
        <expression value="credentialSubject.is(FHIR.VerfiableCredenitalSubjectBundle)"/>
        <source value="http://litlfred.github.io/iv-vcs/StructureDefinition/VerifiableCredentialBundle"/>
      </constraint>
    </element>
  </differential>
</StructureDefinition>