{
  "resourceType" : "StructureDefinition",
  "id" : "VerifiableCredential",
  "text" : {
    "status" : "extensions",
    "div" : "<div xmlns=\"http://www.w3.org/1999/xhtml\"><table border=\"0\" cellpadding=\"0\" cellspacing=\"0\" style=\"border: 0px #F0F0F0 solid; font-size: 11px; font-family: verdana; vertical-align: top;\"><tr style=\"border: 1px #F0F0F0 solid; font-size: 11px; font-family: verdana; vertical-align: top\"><th style=\"vertical-align: top; text-align : left; background-color: white; border: 0px #F0F0F0 solid; padding:0px 4px 0px 4px\" class=\"hierarchy\"><a href=\"http://build.fhir.org/ig/FHIR/ig-guidance/readingIgs.html#table-views\" title=\"The logical name of the element\">Name</a></th><th style=\"vertical-align: top; text-align : left; background-color: white; border: 0px #F0F0F0 solid; padding:0px 4px 0px 4px\" class=\"hierarchy\"><a href=\"http://build.fhir.org/ig/FHIR/ig-guidance/readingIgs.html#table-views\" title=\"Information about the use of the element\">Flags</a></th><th style=\"vertical-align: top; text-align : left; background-color: white; border: 0px #F0F0F0 solid; padding:0px 4px 0px 4px\" class=\"hierarchy\"><a href=\"http://build.fhir.org/ig/FHIR/ig-guidance/readingIgs.html#table-views\" title=\"Minimum and Maximum # of times the the element can appear in the instance\">Card.</a></th><th style=\"width: 100px\" class=\"hierarchy\"><a href=\"http://build.fhir.org/ig/FHIR/ig-guidance/readingIgs.html#table-views\" title=\"Reference to the type of the element\">Type</a></th><th style=\"vertical-align: top; text-align : left; background-color: white; border: 0px #F0F0F0 solid; padding:0px 4px 0px 4px\" class=\"hierarchy\"><a href=\"http://build.fhir.org/ig/FHIR/ig-guidance/readingIgs.html#table-views\" title=\"Additional information about the element\">Description &amp; Constraints</a><span style=\"float: right\"><a href=\"http://build.fhir.org/ig/FHIR/ig-guidance/readingIgs.html#table-views\" title=\"Legend for this format\"><img src=\"http://hl7.org/fhir/R4/help16.png\" alt=\"doco\" style=\"background-color: inherit\"/></a></span></th></tr><tr style=\"border: 0px #F0F0F0 solid; padding:0px; vertical-align: top; background-color: white\"><td style=\"vertical-align: top; text-align : left; background-color: white; border: 0px #F0F0F0 solid; padding:0px 4px 0px 4px; white-space: nowrap; background-image: url(tbl_bck1.png)\" class=\"hierarchy\"><img src=\"tbl_spacer.png\" alt=\".\" style=\"background-color: inherit\" class=\"hierarchy\"/><img src=\"icon_element.gif\" alt=\".\" style=\"background-color: white; background-color: inherit\" title=\"Element\" class=\"hierarchy\"/> <a href=\"StructureDefinition-VerifiableCredential-definitions.html#VerifiableCredential\" title=\"Logical Model for Verifiable Credentials\">VerifiableCredential</a><a name=\"VerifiableCredential\"> </a></td><td style=\"vertical-align: top; text-align : left; background-color: white; border: 0px #F0F0F0 solid; padding:0px 4px 0px 4px\" class=\"hierarchy\"/><td style=\"vertical-align: top; text-align : left; background-color: white; border: 0px #F0F0F0 solid; padding:0px 4px 0px 4px\" class=\"hierarchy\"><span style=\"opacity: 0.5\">0</span><span style=\"opacity: 0.5\">..</span><span style=\"opacity: 0.5\">*</span></td><td style=\"vertical-align: top; text-align : left; background-color: white; border: 0px #F0F0F0 solid; padding:0px 4px 0px 4px\" class=\"hierarchy\"><a href=\"http://build.fhir.org/types.html#Base\">Base</a></td><td style=\"vertical-align: top; text-align : left; background-color: white; border: 0px #F0F0F0 solid; padding:0px 4px 0px 4px\" class=\"hierarchy\">Logical Model for Verifiable Credentials</td></tr>\r\n<tr style=\"border: 0px #F0F0F0 solid; padding:0px; vertical-align: top; background-color: #F7F7F7\"><td style=\"vertical-align: top; text-align : left; background-color: #F7F7F7; border: 0px #F0F0F0 solid; padding:0px 4px 0px 4px; white-space: nowrap; background-image: url(tbl_bck10.png)\" class=\"hierarchy\"><img src=\"tbl_spacer.png\" alt=\".\" style=\"background-color: inherit\" class=\"hierarchy\"/><img src=\"tbl_vjoin.png\" alt=\".\" style=\"background-color: inherit\" class=\"hierarchy\"/><img src=\"icon_primitive.png\" alt=\".\" style=\"background-color: #F7F7F7; background-color: inherit\" title=\"Primitive Data Type\" class=\"hierarchy\"/> <a href=\"StructureDefinition-VerifiableCredential-definitions.html#VerifiableCredential.context\" title=\"Sets the context of the verifiable credential\">context</a><a name=\"VerifiableCredential.context\"> </a></td><td style=\"vertical-align: top; text-align : left; background-color: #F7F7F7; border: 0px #F0F0F0 solid; padding:0px 4px 0px 4px\" class=\"hierarchy\"/><td style=\"vertical-align: top; text-align : left; background-color: #F7F7F7; border: 0px #F0F0F0 solid; padding:0px 4px 0px 4px\" class=\"hierarchy\">1..*</td><td style=\"vertical-align: top; text-align : left; background-color: #F7F7F7; border: 0px #F0F0F0 solid; padding:0px 4px 0px 4px\" class=\"hierarchy\"><a href=\"http://hl7.org/fhir/R4/datatypes.html#uri\">uri</a></td><td style=\"vertical-align: top; text-align : left; background-color: #F7F7F7; border: 0px #F0F0F0 solid; padding:0px 4px 0px 4px\" class=\"hierarchy\">Context<br/></td></tr>\r\n<tr style=\"border: 0px #F0F0F0 solid; padding:0px; vertical-align: top; background-color: white\"><td style=\"vertical-align: top; text-align : left; background-color: white; border: 0px #F0F0F0 solid; padding:0px 4px 0px 4px; white-space: nowrap; background-image: url(tbl_bck10.png)\" class=\"hierarchy\"><img src=\"tbl_spacer.png\" alt=\".\" style=\"background-color: inherit\" class=\"hierarchy\"/><img src=\"tbl_vjoin.png\" alt=\".\" style=\"background-color: inherit\" class=\"hierarchy\"/><img src=\"icon_primitive.png\" alt=\".\" style=\"background-color: white; background-color: inherit\" title=\"Primitive Data Type\" class=\"hierarchy\"/> <a href=\"StructureDefinition-VerifiableCredential-definitions.html#VerifiableCredential.id\" title=\"The value of the id property MUST be a single URI. It is RECOMMENDED that the URI in the id be one which, if dereferenced, results in a document containing machine-readable information about the id.\">id</a><a name=\"VerifiableCredential.id\"> </a></td><td style=\"vertical-align: top; text-align : left; background-color: white; border: 0px #F0F0F0 solid; padding:0px 4px 0px 4px\" class=\"hierarchy\"/><td style=\"vertical-align: top; text-align : left; background-color: white; border: 0px #F0F0F0 solid; padding:0px 4px 0px 4px\" class=\"hierarchy\">1..1</td><td style=\"vertical-align: top; text-align : left; background-color: white; border: 0px #F0F0F0 solid; padding:0px 4px 0px 4px\" class=\"hierarchy\"><a href=\"http://hl7.org/fhir/R4/datatypes.html#url\">url</a></td><td style=\"vertical-align: top; text-align : left; background-color: white; border: 0px #F0F0F0 solid; padding:0px 4px 0px 4px\" class=\"hierarchy\">Identifier</td></tr>\r\n<tr style=\"border: 0px #F0F0F0 solid; padding:0px; vertical-align: top; background-color: #F7F7F7\"><td style=\"vertical-align: top; text-align : left; background-color: #F7F7F7; border: 0px #F0F0F0 solid; padding:0px 4px 0px 4px; white-space: nowrap; background-image: url(tbl_bck10.png)\" class=\"hierarchy\"><img src=\"tbl_spacer.png\" alt=\".\" style=\"background-color: inherit\" class=\"hierarchy\"/><img src=\"tbl_vjoin.png\" alt=\".\" style=\"background-color: inherit\" class=\"hierarchy\"/><img src=\"icon_primitive.png\" alt=\".\" style=\"background-color: #F7F7F7; background-color: inherit\" title=\"Primitive Data Type\" class=\"hierarchy\"/> <a href=\"StructureDefinition-VerifiableCredential-definitions.html#VerifiableCredential.type\" title=\"The value of the type property\">type</a><a name=\"VerifiableCredential.type\"> </a></td><td style=\"vertical-align: top; text-align : left; background-color: #F7F7F7; border: 0px #F0F0F0 solid; padding:0px 4px 0px 4px\" class=\"hierarchy\"/><td style=\"vertical-align: top; text-align : left; background-color: #F7F7F7; border: 0px #F0F0F0 solid; padding:0px 4px 0px 4px\" class=\"hierarchy\">1..*</td><td style=\"vertical-align: top; text-align : left; background-color: #F7F7F7; border: 0px #F0F0F0 solid; padding:0px 4px 0px 4px\" class=\"hierarchy\"><a href=\"http://hl7.org/fhir/R4/datatypes.html#uri\">uri</a></td><td style=\"vertical-align: top; text-align : left; background-color: #F7F7F7; border: 0px #F0F0F0 solid; padding:0px 4px 0px 4px\" class=\"hierarchy\">Type<br/></td></tr>\r\n<tr style=\"border: 0px #F0F0F0 solid; padding:0px; vertical-align: top; background-color: white\"><td style=\"vertical-align: top; text-align : left; background-color: white; border: 0px #F0F0F0 solid; padding:0px 4px 0px 4px; white-space: nowrap; background-image: url(tbl_bck10.png)\" class=\"hierarchy\"><img src=\"tbl_spacer.png\" alt=\".\" style=\"background-color: inherit\" class=\"hierarchy\"/><img src=\"tbl_vjoin.png\" alt=\".\" style=\"background-color: inherit\" class=\"hierarchy\"/><img src=\"icon_resource.png\" alt=\".\" style=\"background-color: white; background-color: inherit\" title=\"Resource\" class=\"hierarchy\"/> <a href=\"StructureDefinition-VerifiableCredential-definitions.html#VerifiableCredential.credentialStatus\" title=\"Verifiable Credential Status\">credentialStatus</a><a name=\"VerifiableCredential.credentialStatus\"> </a></td><td style=\"vertical-align: top; text-align : left; background-color: white; border: 0px #F0F0F0 solid; padding:0px 4px 0px 4px\" class=\"hierarchy\"/><td style=\"vertical-align: top; text-align : left; background-color: white; border: 0px #F0F0F0 solid; padding:0px 4px 0px 4px\" class=\"hierarchy\">0..*</td><td style=\"vertical-align: top; text-align : left; background-color: white; border: 0px #F0F0F0 solid; padding:0px 4px 0px 4px\" class=\"hierarchy\"><a href=\"StructureDefinition-VerifiableCredentialStatus.html\">VerifiableCredentialStatus</a></td><td style=\"vertical-align: top; text-align : left; background-color: white; border: 0px #F0F0F0 solid; padding:0px 4px 0px 4px\" class=\"hierarchy\">Verifiable Credential Status<br/></td></tr>\r\n<tr style=\"border: 0px #F0F0F0 solid; padding:0px; vertical-align: top; background-color: #F7F7F7\"><td style=\"vertical-align: top; text-align : left; background-color: #F7F7F7; border: 0px #F0F0F0 solid; padding:0px 4px 0px 4px; white-space: nowrap; background-image: url(tbl_bck10.png)\" class=\"hierarchy\"><img src=\"tbl_spacer.png\" alt=\".\" style=\"background-color: inherit\" class=\"hierarchy\"/><img src=\"tbl_vjoin.png\" alt=\".\" style=\"background-color: inherit\" class=\"hierarchy\"/><img src=\"icon_resource.png\" alt=\".\" style=\"background-color: #F7F7F7; background-color: inherit\" title=\"Resource\" class=\"hierarchy\"/> <a href=\"StructureDefinition-VerifiableCredential-definitions.html#VerifiableCredential.credentialSubject\" title=\"Verifiable Credential Subject\">credentialSubject</a><a name=\"VerifiableCredential.credentialSubject\"> </a></td><td style=\"vertical-align: top; text-align : left; background-color: #F7F7F7; border: 0px #F0F0F0 solid; padding:0px 4px 0px 4px\" class=\"hierarchy\"/><td style=\"vertical-align: top; text-align : left; background-color: #F7F7F7; border: 0px #F0F0F0 solid; padding:0px 4px 0px 4px\" class=\"hierarchy\">1..*</td><td style=\"vertical-align: top; text-align : left; background-color: #F7F7F7; border: 0px #F0F0F0 solid; padding:0px 4px 0px 4px\" class=\"hierarchy\"><a href=\"StructureDefinition-VerifiableCredentialSubject.html\">VerifiableCredentialSubject</a></td><td style=\"vertical-align: top; text-align : left; background-color: #F7F7F7; border: 0px #F0F0F0 solid; padding:0px 4px 0px 4px\" class=\"hierarchy\">Verifiable Credential Subject<br/></td></tr>\r\n<tr style=\"border: 0px #F0F0F0 solid; padding:0px; vertical-align: top; background-color: white\"><td style=\"vertical-align: top; text-align : left; background-color: white; border: 0px #F0F0F0 solid; padding:0px 4px 0px 4px; white-space: nowrap; background-image: url(tbl_bck10.png)\" class=\"hierarchy\"><img src=\"tbl_spacer.png\" alt=\".\" style=\"background-color: inherit\" class=\"hierarchy\"/><img src=\"tbl_vjoin.png\" alt=\".\" style=\"background-color: inherit\" class=\"hierarchy\"/><img src=\"icon_primitive.png\" alt=\".\" style=\"background-color: white; background-color: inherit\" title=\"Primitive Data Type\" class=\"hierarchy\"/> <a href=\"StructureDefinition-VerifiableCredential-definitions.html#VerifiableCredential.expirationDate\" title=\"The date and time the credential ceases to be valid.\">expirationDate</a><a name=\"VerifiableCredential.expirationDate\"> </a></td><td style=\"vertical-align: top; text-align : left; background-color: white; border: 0px #F0F0F0 solid; padding:0px 4px 0px 4px\" class=\"hierarchy\"/><td style=\"vertical-align: top; text-align : left; background-color: white; border: 0px #F0F0F0 solid; padding:0px 4px 0px 4px\" class=\"hierarchy\">0..1</td><td style=\"vertical-align: top; text-align : left; background-color: white; border: 0px #F0F0F0 solid; padding:0px 4px 0px 4px\" class=\"hierarchy\"><a href=\"http://hl7.org/fhir/R4/datatypes.html#dateTime\">dateTime</a></td><td style=\"vertical-align: top; text-align : left; background-color: white; border: 0px #F0F0F0 solid; padding:0px 4px 0px 4px\" class=\"hierarchy\">Expiration Date</td></tr>\r\n<tr style=\"border: 0px #F0F0F0 solid; padding:0px; vertical-align: top; background-color: #F7F7F7\"><td style=\"vertical-align: top; text-align : left; background-color: #F7F7F7; border: 0px #F0F0F0 solid; padding:0px 4px 0px 4px; white-space: nowrap; background-image: url(tbl_bck10.png)\" class=\"hierarchy\"><img src=\"tbl_spacer.png\" alt=\".\" style=\"background-color: inherit\" class=\"hierarchy\"/><img src=\"tbl_vjoin.png\" alt=\".\" style=\"background-color: inherit\" class=\"hierarchy\"/><img src=\"icon_resource.png\" alt=\".\" style=\"background-color: #F7F7F7; background-color: inherit\" title=\"Resource\" class=\"hierarchy\"/> <a href=\"StructureDefinition-VerifiableCredential-definitions.html#VerifiableCredential.evidence\" title=\"Verifiable Credential Evidence\">evidence</a><a name=\"VerifiableCredential.evidence\"> </a></td><td style=\"vertical-align: top; text-align : left; background-color: #F7F7F7; border: 0px #F0F0F0 solid; padding:0px 4px 0px 4px\" class=\"hierarchy\"/><td style=\"vertical-align: top; text-align : left; background-color: #F7F7F7; border: 0px #F0F0F0 solid; padding:0px 4px 0px 4px\" class=\"hierarchy\">0..*</td><td style=\"vertical-align: top; text-align : left; background-color: #F7F7F7; border: 0px #F0F0F0 solid; padding:0px 4px 0px 4px\" class=\"hierarchy\"><a href=\"StructureDefinition-VerifiableCredentialEvidence.html\">VerifiableCredentialEvidence</a></td><td style=\"vertical-align: top; text-align : left; background-color: #F7F7F7; border: 0px #F0F0F0 solid; padding:0px 4px 0px 4px\" class=\"hierarchy\">Evidence<br/></td></tr>\r\n<tr style=\"border: 0px #F0F0F0 solid; padding:0px; vertical-align: top; background-color: white\"><td style=\"vertical-align: top; text-align : left; background-color: white; border: 0px #F0F0F0 solid; padding:0px 4px 0px 4px; white-space: nowrap; background-image: url(tbl_bck10.png)\" class=\"hierarchy\"><img src=\"tbl_spacer.png\" alt=\".\" style=\"background-color: inherit\" class=\"hierarchy\"/><img src=\"tbl_vjoin.png\" alt=\".\" style=\"background-color: inherit\" class=\"hierarchy\"/><img src=\"icon_primitive.png\" alt=\".\" style=\"background-color: white; background-color: inherit\" title=\"Primitive Data Type\" class=\"hierarchy\"/> <a href=\"StructureDefinition-VerifiableCredential-definitions.html#VerifiableCredential.holder\" title=\"The holder of the credential\">holder</a><a name=\"VerifiableCredential.holder\"> </a></td><td style=\"vertical-align: top; text-align : left; background-color: white; border: 0px #F0F0F0 solid; padding:0px 4px 0px 4px\" class=\"hierarchy\"/><td style=\"vertical-align: top; text-align : left; background-color: white; border: 0px #F0F0F0 solid; padding:0px 4px 0px 4px\" class=\"hierarchy\">0..1</td><td style=\"vertical-align: top; text-align : left; background-color: white; border: 0px #F0F0F0 solid; padding:0px 4px 0px 4px\" class=\"hierarchy\"><a href=\"http://hl7.org/fhir/R4/datatypes.html#uri\">uri</a></td><td style=\"vertical-align: top; text-align : left; background-color: white; border: 0px #F0F0F0 solid; padding:0px 4px 0px 4px\" class=\"hierarchy\">Holder</td></tr>\r\n<tr style=\"border: 0px #F0F0F0 solid; padding:0px; vertical-align: top; background-color: #F7F7F7\"><td style=\"vertical-align: top; text-align : left; background-color: #F7F7F7; border: 0px #F0F0F0 solid; padding:0px 4px 0px 4px; white-space: nowrap; background-image: url(tbl_bck10.png)\" class=\"hierarchy\"><img src=\"tbl_spacer.png\" alt=\".\" style=\"background-color: inherit\" class=\"hierarchy\"/><img src=\"tbl_vjoin.png\" alt=\".\" style=\"background-color: inherit\" class=\"hierarchy\"/><img src=\"icon_primitive.png\" alt=\".\" style=\"background-color: #F7F7F7; background-color: inherit\" title=\"Primitive Data Type\" class=\"hierarchy\"/> <a href=\"StructureDefinition-VerifiableCredential-definitions.html#VerifiableCredential.issued\" title=\"Issued\">issued</a><a name=\"VerifiableCredential.issued\"> </a></td><td style=\"vertical-align: top; text-align : left; background-color: #F7F7F7; border: 0px #F0F0F0 solid; padding:0px 4px 0px 4px\" class=\"hierarchy\"/><td style=\"vertical-align: top; text-align : left; background-color: #F7F7F7; border: 0px #F0F0F0 solid; padding:0px 4px 0px 4px\" class=\"hierarchy\">0..1</td><td style=\"vertical-align: top; text-align : left; background-color: #F7F7F7; border: 0px #F0F0F0 solid; padding:0px 4px 0px 4px\" class=\"hierarchy\"><a href=\"http://hl7.org/fhir/R4/datatypes.html#dateTime\">dateTime</a></td><td style=\"vertical-align: top; text-align : left; background-color: #F7F7F7; border: 0px #F0F0F0 solid; padding:0px 4px 0px 4px\" class=\"hierarchy\">Issued</td></tr>\r\n<tr style=\"border: 0px #F0F0F0 solid; padding:0px; vertical-align: top; background-color: white\"><td style=\"vertical-align: top; text-align : left; background-color: white; border: 0px #F0F0F0 solid; padding:0px 4px 0px 4px; white-space: nowrap; background-image: url(tbl_bck10.png)\" class=\"hierarchy\"><img src=\"tbl_spacer.png\" alt=\".\" style=\"background-color: inherit\" class=\"hierarchy\"/><img src=\"tbl_vjoin.png\" alt=\".\" style=\"background-color: inherit\" class=\"hierarchy\"/><img src=\"icon_primitive.png\" alt=\".\" style=\"background-color: white; background-color: inherit\" title=\"Primitive Data Type\" class=\"hierarchy\"/> <a href=\"StructureDefinition-VerifiableCredential-definitions.html#VerifiableCredential.issuer\" title=\"The entity that issued the credential\">issuer</a><a name=\"VerifiableCredential.issuer\"> </a></td><td style=\"vertical-align: top; text-align : left; background-color: white; border: 0px #F0F0F0 solid; padding:0px 4px 0px 4px\" class=\"hierarchy\"/><td style=\"vertical-align: top; text-align : left; background-color: white; border: 0px #F0F0F0 solid; padding:0px 4px 0px 4px\" class=\"hierarchy\">1..1</td><td style=\"vertical-align: top; text-align : left; background-color: white; border: 0px #F0F0F0 solid; padding:0px 4px 0px 4px\" class=\"hierarchy\"><a href=\"http://hl7.org/fhir/R4/datatypes.html#url\">url</a></td><td style=\"vertical-align: top; text-align : left; background-color: white; border: 0px #F0F0F0 solid; padding:0px 4px 0px 4px\" class=\"hierarchy\">Issue</td></tr>\r\n<tr style=\"border: 0px #F0F0F0 solid; padding:0px; vertical-align: top; background-color: #F7F7F7\"><td style=\"vertical-align: top; text-align : left; background-color: #F7F7F7; border: 0px #F0F0F0 solid; padding:0px 4px 0px 4px; white-space: nowrap; background-image: url(tbl_bck10.png)\" class=\"hierarchy\"><img src=\"tbl_spacer.png\" alt=\".\" style=\"background-color: inherit\" class=\"hierarchy\"/><img src=\"tbl_vjoin.png\" alt=\".\" style=\"background-color: inherit\" class=\"hierarchy\"/><img src=\"icon_primitive.png\" alt=\".\" style=\"background-color: #F7F7F7; background-color: inherit\" title=\"Primitive Data Type\" class=\"hierarchy\"/> <a href=\"StructureDefinition-VerifiableCredential-definitions.html#VerifiableCredential.issuanceDate\" title=\"The date and time the credential becomes valid, which could be a date and time in the future. Note that this value represents the earliest point in time at which the information associated with the credentialSubject property becomes valid.\">issuanceDate</a><a name=\"VerifiableCredential.issuanceDate\"> </a></td><td style=\"vertical-align: top; text-align : left; background-color: #F7F7F7; border: 0px #F0F0F0 solid; padding:0px 4px 0px 4px\" class=\"hierarchy\"/><td style=\"vertical-align: top; text-align : left; background-color: #F7F7F7; border: 0px #F0F0F0 solid; padding:0px 4px 0px 4px\" class=\"hierarchy\">0..1</td><td style=\"vertical-align: top; text-align : left; background-color: #F7F7F7; border: 0px #F0F0F0 solid; padding:0px 4px 0px 4px\" class=\"hierarchy\"><a href=\"http://hl7.org/fhir/R4/datatypes.html#dateTime\">dateTime</a></td><td style=\"vertical-align: top; text-align : left; background-color: #F7F7F7; border: 0px #F0F0F0 solid; padding:0px 4px 0px 4px\" class=\"hierarchy\">Issuance Date</td></tr>\r\n<tr style=\"border: 0px #F0F0F0 solid; padding:0px; vertical-align: top; background-color: white\"><td style=\"vertical-align: top; text-align : left; background-color: white; border: 0px #F0F0F0 solid; padding:0px 4px 0px 4px; white-space: nowrap; background-image: url(tbl_bck10.png)\" class=\"hierarchy\"><img src=\"tbl_spacer.png\" alt=\".\" style=\"background-color: inherit\" class=\"hierarchy\"/><img src=\"tbl_vjoin.png\" alt=\".\" style=\"background-color: inherit\" class=\"hierarchy\"/><img src=\"icon_resource.png\" alt=\".\" style=\"background-color: white; background-color: inherit\" title=\"Resource\" class=\"hierarchy\"/> <a href=\"StructureDefinition-VerifiableCredential-definitions.html#VerifiableCredential.proof\" title=\"One or more cryptographic proofs that can be used to detect tampering and verify the authorship\">proof</a><a name=\"VerifiableCredential.proof\"> </a></td><td style=\"vertical-align: top; text-align : left; background-color: white; border: 0px #F0F0F0 solid; padding:0px 4px 0px 4px\" class=\"hierarchy\"/><td style=\"vertical-align: top; text-align : left; background-color: white; border: 0px #F0F0F0 solid; padding:0px 4px 0px 4px\" class=\"hierarchy\">1..*</td><td style=\"vertical-align: top; text-align : left; background-color: white; border: 0px #F0F0F0 solid; padding:0px 4px 0px 4px\" class=\"hierarchy\"><a href=\"StructureDefinition-VerifiableCredentialProof.html\">VerifiableCredentialProof</a></td><td style=\"vertical-align: top; text-align : left; background-color: white; border: 0px #F0F0F0 solid; padding:0px 4px 0px 4px\" class=\"hierarchy\">Proof<br/></td></tr>\r\n<tr style=\"border: 0px #F0F0F0 solid; padding:0px; vertical-align: top; background-color: #F7F7F7\"><td style=\"vertical-align: top; text-align : left; background-color: #F7F7F7; border: 0px #F0F0F0 solid; padding:0px 4px 0px 4px; white-space: nowrap; background-image: url(tbl_bck10.png)\" class=\"hierarchy\"><img src=\"tbl_spacer.png\" alt=\".\" style=\"background-color: inherit\" class=\"hierarchy\"/><img src=\"tbl_vjoin.png\" alt=\".\" style=\"background-color: inherit\" class=\"hierarchy\"/><img src=\"icon_resource.png\" alt=\".\" style=\"background-color: #F7F7F7; background-color: inherit\" title=\"Resource\" class=\"hierarchy\"/> <a href=\"StructureDefinition-VerifiableCredential-definitions.html#VerifiableCredential.refreshService\" title=\"Refresh Service\">refreshService</a><a name=\"VerifiableCredential.refreshService\"> </a></td><td style=\"vertical-align: top; text-align : left; background-color: #F7F7F7; border: 0px #F0F0F0 solid; padding:0px 4px 0px 4px\" class=\"hierarchy\"/><td style=\"vertical-align: top; text-align : left; background-color: #F7F7F7; border: 0px #F0F0F0 solid; padding:0px 4px 0px 4px\" class=\"hierarchy\">0..*</td><td style=\"vertical-align: top; text-align : left; background-color: #F7F7F7; border: 0px #F0F0F0 solid; padding:0px 4px 0px 4px\" class=\"hierarchy\"><a href=\"StructureDefinition-VerifiableCredentialRefreshService.html\">VerifiableCredentialRefreshService</a></td><td style=\"vertical-align: top; text-align : left; background-color: #F7F7F7; border: 0px #F0F0F0 solid; padding:0px 4px 0px 4px\" class=\"hierarchy\">Refresh Service<br/></td></tr>\r\n<tr style=\"border: 0px #F0F0F0 solid; padding:0px; vertical-align: top; background-color: white\"><td style=\"vertical-align: top; text-align : left; background-color: white; border: 0px #F0F0F0 solid; padding:0px 4px 0px 4px; white-space: nowrap; background-image: url(tbl_bck10.png)\" class=\"hierarchy\"><img src=\"tbl_spacer.png\" alt=\".\" style=\"background-color: inherit\" class=\"hierarchy\"/><img src=\"tbl_vjoin.png\" alt=\".\" style=\"background-color: inherit\" class=\"hierarchy\"/><img src=\"icon_resource.png\" alt=\".\" style=\"background-color: white; background-color: inherit\" title=\"Resource\" class=\"hierarchy\"/> <a href=\"StructureDefinition-VerifiableCredential-definitions.html#VerifiableCredential.termsofUse\" title=\"Terms of Use\">termsofUse</a><a name=\"VerifiableCredential.termsofUse\"> </a></td><td style=\"vertical-align: top; text-align : left; background-color: white; border: 0px #F0F0F0 solid; padding:0px 4px 0px 4px\" class=\"hierarchy\"/><td style=\"vertical-align: top; text-align : left; background-color: white; border: 0px #F0F0F0 solid; padding:0px 4px 0px 4px\" class=\"hierarchy\">0..1</td><td style=\"vertical-align: top; text-align : left; background-color: white; border: 0px #F0F0F0 solid; padding:0px 4px 0px 4px\" class=\"hierarchy\"><a href=\"StructureDefinition-VerifiableCredentialTermsOfUse.html\">VerifiableCredentialTermsOfUse</a></td><td style=\"vertical-align: top; text-align : left; background-color: white; border: 0px #F0F0F0 solid; padding:0px 4px 0px 4px\" class=\"hierarchy\">Terms of Use</td></tr>\r\n<tr style=\"border: 0px #F0F0F0 solid; padding:0px; vertical-align: top; background-color: #F7F7F7\"><td style=\"vertical-align: top; text-align : left; background-color: #F7F7F7; border: 0px #F0F0F0 solid; padding:0px 4px 0px 4px; white-space: nowrap; background-image: url(tbl_bck10.png)\" class=\"hierarchy\"><img src=\"tbl_spacer.png\" alt=\".\" style=\"background-color: inherit\" class=\"hierarchy\"/><img src=\"tbl_vjoin.png\" alt=\".\" style=\"background-color: inherit\" class=\"hierarchy\"/><img src=\"icon_primitive.png\" alt=\".\" style=\"background-color: #F7F7F7; background-color: inherit\" title=\"Primitive Data Type\" class=\"hierarchy\"/> <a href=\"StructureDefinition-VerifiableCredential-definitions.html#VerifiableCredential.validFrom\" title=\"Valid From\">validFrom</a><a name=\"VerifiableCredential.validFrom\"> </a></td><td style=\"vertical-align: top; text-align : left; background-color: #F7F7F7; border: 0px #F0F0F0 solid; padding:0px 4px 0px 4px\" class=\"hierarchy\"/><td style=\"vertical-align: top; text-align : left; background-color: #F7F7F7; border: 0px #F0F0F0 solid; padding:0px 4px 0px 4px\" class=\"hierarchy\">0..1</td><td style=\"vertical-align: top; text-align : left; background-color: #F7F7F7; border: 0px #F0F0F0 solid; padding:0px 4px 0px 4px\" class=\"hierarchy\"><a href=\"http://hl7.org/fhir/R4/datatypes.html#dateTime\">dateTime</a></td><td style=\"vertical-align: top; text-align : left; background-color: #F7F7F7; border: 0px #F0F0F0 solid; padding:0px 4px 0px 4px\" class=\"hierarchy\">Valid From</td></tr>\r\n<tr style=\"border: 0px #F0F0F0 solid; padding:0px; vertical-align: top; background-color: white\"><td style=\"vertical-align: top; text-align : left; background-color: white; border: 0px #F0F0F0 solid; padding:0px 4px 0px 4px; white-space: nowrap; background-image: url(tbl_bck00.png)\" class=\"hierarchy\"><img src=\"tbl_spacer.png\" alt=\".\" style=\"background-color: inherit\" class=\"hierarchy\"/><img src=\"tbl_vjoin_end.png\" alt=\".\" style=\"background-color: inherit\" class=\"hierarchy\"/><img src=\"icon_primitive.png\" alt=\".\" style=\"background-color: white; background-color: inherit\" title=\"Primitive Data Type\" class=\"hierarchy\"/> <a href=\"StructureDefinition-VerifiableCredential-definitions.html#VerifiableCredential.validUntil\" title=\"Valid Until\">validUntil</a><a name=\"VerifiableCredential.validUntil\"> </a></td><td style=\"vertical-align: top; text-align : left; background-color: white; border: 0px #F0F0F0 solid; padding:0px 4px 0px 4px\" class=\"hierarchy\"/><td style=\"vertical-align: top; text-align : left; background-color: white; border: 0px #F0F0F0 solid; padding:0px 4px 0px 4px\" class=\"hierarchy\">0..1</td><td style=\"vertical-align: top; text-align : left; background-color: white; border: 0px #F0F0F0 solid; padding:0px 4px 0px 4px\" class=\"hierarchy\"><a href=\"http://hl7.org/fhir/R4/datatypes.html#dateTime\">dateTime</a></td><td style=\"vertical-align: top; text-align : left; background-color: white; border: 0px #F0F0F0 solid; padding:0px 4px 0px 4px\" class=\"hierarchy\">Valid Until</td></tr>\r\n<tr><td colspan=\"5\" class=\"hierarchy\"><br/><a href=\"http://build.fhir.org/ig/FHIR/ig-guidance/readingIgs.html#table-views\" title=\"Legend for this format\"><img src=\"http://hl7.org/fhir/R4/help16.png\" alt=\"doco\" style=\"background-color: inherit\"/> Documentation for this format</a></td></tr></table></div>"
  },
  "url" : "http://litlfred.github.io/iv-vcs/StructureDefinition/VerifiableCredential",
  "version" : "0.2.1",
  "name" : "VerifiableCredential",
  "title" : "Logical Model for Verifiable Credentials",
  "status" : "draft",
  "date" : "2022-12-09T07:59:59+00:00",
  "publisher" : "WHO",
  "contact" : [{
    "name" : "WHO",
    "telecom" : [{
      "system" : "url",
      "value" : "http://who.int"
    }]
  }],
  "description" : "Logical Model for Verifiable Credentials",
  "jurisdiction" : [{
    "coding" : [{
      "system" : "http://unstats.un.org/unsd/methods/m49/m49.htm",
      "code" : "001"
    }]
  }],
  "fhirVersion" : "4.0.1",
  "mapping" : [{
    "identity" : "rim",
    "uri" : "http://hl7.org/v3",
    "name" : "RIM Mapping"
  }],
  "kind" : "logical",
  "abstract" : false,
  "type" : "http://litlfred.github.io/iv-vcs/StructureDefinition/VerifiableCredential",
  "baseDefinition" : "http://hl7.org/fhir/StructureDefinition/Base",
  "derivation" : "specialization",
  "snapshot" : {
    "element" : [{
      "id" : "VerifiableCredential",
      "path" : "VerifiableCredential",
      "short" : "Logical Model for Verifiable Credentials",
      "definition" : "Logical Model for Verifiable Credentials",
      "min" : 0,
      "max" : "*",
      "base" : {
        "path" : "Base",
        "min" : 0,
        "max" : "*"
      },
      "isModifier" : false
    },
    {
      "id" : "VerifiableCredential.context",
      "path" : "VerifiableCredential.context",
      "short" : "Context",
      "definition" : "Sets the context of the verifiable credential",
      "min" : 1,
      "max" : "*",
      "base" : {
        "path" : "VerifiableCredential.context",
        "min" : 1,
        "max" : "*"
      },
      "type" : [{
        "code" : "uri"
      }]
    },
    {
      "id" : "VerifiableCredential.id",
      "path" : "VerifiableCredential.id",
      "short" : "Identifier",
      "definition" : "The value of the id property MUST be a single URI. It is RECOMMENDED that the URI in the id be one which, if dereferenced, results in a document containing machine-readable information about the id.",
      "min" : 1,
      "max" : "1",
      "base" : {
        "path" : "VerifiableCredential.id",
        "min" : 1,
        "max" : "1"
      },
      "type" : [{
        "code" : "url"
      }]
    },
    {
      "id" : "VerifiableCredential.type",
      "path" : "VerifiableCredential.type",
      "short" : "Type",
      "definition" : "The value of the type property",
      "min" : 1,
      "max" : "*",
      "base" : {
        "path" : "VerifiableCredential.type",
        "min" : 1,
        "max" : "*"
      },
      "type" : [{
        "code" : "uri"
      }]
    },
    {
      "id" : "VerifiableCredential.credentialStatus",
      "path" : "VerifiableCredential.credentialStatus",
      "short" : "Verifiable Credential Status",
      "definition" : "Verifiable Credential Status",
      "min" : 0,
      "max" : "*",
      "base" : {
        "path" : "VerifiableCredential.credentialStatus",
        "min" : 0,
        "max" : "*"
      },
      "type" : [{
        "code" : "http://litlfred.github.io/iv-vcs/StructureDefinition/VerifiableCredentialStatus"
      }]
    },
    {
      "id" : "VerifiableCredential.credentialSubject",
      "path" : "VerifiableCredential.credentialSubject",
      "short" : "Verifiable Credential Subject",
      "definition" : "Verifiable Credential Subject",
      "min" : 1,
      "max" : "*",
      "base" : {
        "path" : "VerifiableCredential.credentialSubject",
        "min" : 1,
        "max" : "*"
      },
      "type" : [{
        "code" : "http://litlfred.github.io/iv-vcs/StructureDefinition/VerifiableCredentialSubject"
      }]
    },
    {
      "id" : "VerifiableCredential.expirationDate",
      "path" : "VerifiableCredential.expirationDate",
      "short" : "Expiration Date",
      "definition" : "The date and time the credential ceases to be valid.",
      "min" : 0,
      "max" : "1",
      "base" : {
        "path" : "VerifiableCredential.expirationDate",
        "min" : 0,
        "max" : "1"
      },
      "type" : [{
        "code" : "dateTime"
      }]
    },
    {
      "id" : "VerifiableCredential.evidence",
      "path" : "VerifiableCredential.evidence",
      "short" : "Evidence",
      "definition" : "Verifiable Credential Evidence",
      "min" : 0,
      "max" : "*",
      "base" : {
        "path" : "VerifiableCredential.evidence",
        "min" : 0,
        "max" : "*"
      },
      "type" : [{
        "code" : "http://litlfred.github.io/iv-vcs/StructureDefinition/VerifiableCredentialEvidence"
      }]
    },
    {
      "id" : "VerifiableCredential.holder",
      "path" : "VerifiableCredential.holder",
      "short" : "Holder",
      "definition" : "The holder of the credential",
      "min" : 0,
      "max" : "1",
      "base" : {
        "path" : "VerifiableCredential.holder",
        "min" : 0,
        "max" : "1"
      },
      "type" : [{
        "code" : "uri"
      }]
    },
    {
      "id" : "VerifiableCredential.issued",
      "path" : "VerifiableCredential.issued",
      "short" : "Issued",
      "definition" : "Issued",
      "min" : 0,
      "max" : "1",
      "base" : {
        "path" : "VerifiableCredential.issued",
        "min" : 0,
        "max" : "1"
      },
      "type" : [{
        "code" : "dateTime"
      }]
    },
    {
      "id" : "VerifiableCredential.issuer",
      "path" : "VerifiableCredential.issuer",
      "short" : "Issue",
      "definition" : "The entity that issued the credential",
      "min" : 1,
      "max" : "1",
      "base" : {
        "path" : "VerifiableCredential.issuer",
        "min" : 1,
        "max" : "1"
      },
      "type" : [{
        "code" : "url"
      }]
    },
    {
      "id" : "VerifiableCredential.issuanceDate",
      "path" : "VerifiableCredential.issuanceDate",
      "short" : "Issuance Date",
      "definition" : "The date and time the credential becomes valid, which could be a date and time in the future. Note that this value represents the earliest point in time at which the information associated with the credentialSubject property becomes valid.",
      "min" : 0,
      "max" : "1",
      "base" : {
        "path" : "VerifiableCredential.issuanceDate",
        "min" : 0,
        "max" : "1"
      },
      "type" : [{
        "code" : "dateTime"
      }]
    },
    {
      "id" : "VerifiableCredential.proof",
      "path" : "VerifiableCredential.proof",
      "short" : "Proof",
      "definition" : "One or more cryptographic proofs that can be used to detect tampering and verify the authorship",
      "min" : 1,
      "max" : "*",
      "base" : {
        "path" : "VerifiableCredential.proof",
        "min" : 1,
        "max" : "*"
      },
      "type" : [{
        "code" : "http://litlfred.github.io/iv-vcs/StructureDefinition/VerifiableCredentialProof"
      }]
    },
    {
      "id" : "VerifiableCredential.refreshService",
      "path" : "VerifiableCredential.refreshService",
      "short" : "Refresh Service",
      "definition" : "Refresh Service",
      "min" : 0,
      "max" : "*",
      "base" : {
        "path" : "VerifiableCredential.refreshService",
        "min" : 0,
        "max" : "*"
      },
      "type" : [{
        "code" : "http://litlfred.github.io/iv-vcs/StructureDefinition/VerifiableCredentialRefreshService"
      }]
    },
    {
      "id" : "VerifiableCredential.termsofUse",
      "path" : "VerifiableCredential.termsofUse",
      "short" : "Terms of Use",
      "definition" : "Terms of Use",
      "min" : 0,
      "max" : "1",
      "base" : {
        "path" : "VerifiableCredential.termsofUse",
        "min" : 0,
        "max" : "1"
      },
      "type" : [{
        "code" : "http://litlfred.github.io/iv-vcs/StructureDefinition/VerifiableCredentialTermsOfUse"
      }]
    },
    {
      "id" : "VerifiableCredential.validFrom",
      "path" : "VerifiableCredential.validFrom",
      "short" : "Valid From",
      "definition" : "Valid From",
      "min" : 0,
      "max" : "1",
      "base" : {
        "path" : "VerifiableCredential.validFrom",
        "min" : 0,
        "max" : "1"
      },
      "type" : [{
        "code" : "dateTime"
      }]
    },
    {
      "id" : "VerifiableCredential.validUntil",
      "path" : "VerifiableCredential.validUntil",
      "short" : "Valid Until",
      "definition" : "Valid Until",
      "min" : 0,
      "max" : "1",
      "base" : {
        "path" : "VerifiableCredential.validUntil",
        "min" : 0,
        "max" : "1"
      },
      "type" : [{
        "code" : "dateTime"
      }]
    }]
  },
  "differential" : {
    "element" : [{
      "id" : "VerifiableCredential",
      "path" : "VerifiableCredential",
      "short" : "Logical Model for Verifiable Credentials",
      "definition" : "Logical Model for Verifiable Credentials"
    },
    {
      "id" : "VerifiableCredential.context",
      "path" : "VerifiableCredential.context",
      "short" : "Context",
      "definition" : "Sets the context of the verifiable credential",
      "min" : 1,
      "max" : "*",
      "type" : [{
        "code" : "uri"
      }]
    },
    {
      "id" : "VerifiableCredential.id",
      "path" : "VerifiableCredential.id",
      "short" : "Identifier",
      "definition" : "The value of the id property MUST be a single URI. It is RECOMMENDED that the URI in the id be one which, if dereferenced, results in a document containing machine-readable information about the id.",
      "min" : 1,
      "max" : "1",
      "type" : [{
        "code" : "url"
      }]
    },
    {
      "id" : "VerifiableCredential.type",
      "path" : "VerifiableCredential.type",
      "short" : "Type",
      "definition" : "The value of the type property",
      "min" : 1,
      "max" : "*",
      "type" : [{
        "code" : "uri"
      }]
    },
    {
      "id" : "VerifiableCredential.credentialStatus",
      "path" : "VerifiableCredential.credentialStatus",
      "short" : "Verifiable Credential Status",
      "definition" : "Verifiable Credential Status",
      "min" : 0,
      "max" : "*",
      "type" : [{
        "code" : "http://litlfred.github.io/iv-vcs/StructureDefinition/VerifiableCredentialStatus"
      }]
    },
    {
      "id" : "VerifiableCredential.credentialSubject",
      "path" : "VerifiableCredential.credentialSubject",
      "short" : "Verifiable Credential Subject",
      "definition" : "Verifiable Credential Subject",
      "min" : 1,
      "max" : "*",
      "type" : [{
        "code" : "http://litlfred.github.io/iv-vcs/StructureDefinition/VerifiableCredentialSubject"
      }]
    },
    {
      "id" : "VerifiableCredential.expirationDate",
      "path" : "VerifiableCredential.expirationDate",
      "short" : "Expiration Date",
      "definition" : "The date and time the credential ceases to be valid.",
      "min" : 0,
      "max" : "1",
      "type" : [{
        "code" : "dateTime"
      }]
    },
    {
      "id" : "VerifiableCredential.evidence",
      "path" : "VerifiableCredential.evidence",
      "short" : "Evidence",
      "definition" : "Verifiable Credential Evidence",
      "min" : 0,
      "max" : "*",
      "type" : [{
        "code" : "http://litlfred.github.io/iv-vcs/StructureDefinition/VerifiableCredentialEvidence"
      }]
    },
    {
      "id" : "VerifiableCredential.holder",
      "path" : "VerifiableCredential.holder",
      "short" : "Holder",
      "definition" : "The holder of the credential",
      "min" : 0,
      "max" : "1",
      "type" : [{
        "code" : "uri"
      }]
    },
    {
      "id" : "VerifiableCredential.issued",
      "path" : "VerifiableCredential.issued",
      "short" : "Issued",
      "definition" : "Issued",
      "min" : 0,
      "max" : "1",
      "type" : [{
        "code" : "dateTime"
      }]
    },
    {
      "id" : "VerifiableCredential.issuer",
      "path" : "VerifiableCredential.issuer",
      "short" : "Issue",
      "definition" : "The entity that issued the credential",
      "min" : 1,
      "max" : "1",
      "type" : [{
        "code" : "url"
      }]
    },
    {
      "id" : "VerifiableCredential.issuanceDate",
      "path" : "VerifiableCredential.issuanceDate",
      "short" : "Issuance Date",
      "definition" : "The date and time the credential becomes valid, which could be a date and time in the future. Note that this value represents the earliest point in time at which the information associated with the credentialSubject property becomes valid.",
      "min" : 0,
      "max" : "1",
      "type" : [{
        "code" : "dateTime"
      }]
    },
    {
      "id" : "VerifiableCredential.proof",
      "path" : "VerifiableCredential.proof",
      "short" : "Proof",
      "definition" : "One or more cryptographic proofs that can be used to detect tampering and verify the authorship",
      "min" : 1,
      "max" : "*",
      "type" : [{
        "code" : "http://litlfred.github.io/iv-vcs/StructureDefinition/VerifiableCredentialProof"
      }]
    },
    {
      "id" : "VerifiableCredential.refreshService",
      "path" : "VerifiableCredential.refreshService",
      "short" : "Refresh Service",
      "definition" : "Refresh Service",
      "min" : 0,
      "max" : "*",
      "type" : [{
        "code" : "http://litlfred.github.io/iv-vcs/StructureDefinition/VerifiableCredentialRefreshService"
      }]
    },
    {
      "id" : "VerifiableCredential.termsofUse",
      "path" : "VerifiableCredential.termsofUse",
      "short" : "Terms of Use",
      "definition" : "Terms of Use",
      "min" : 0,
      "max" : "1",
      "type" : [{
        "code" : "http://litlfred.github.io/iv-vcs/StructureDefinition/VerifiableCredentialTermsOfUse"
      }]
    },
    {
      "id" : "VerifiableCredential.validFrom",
      "path" : "VerifiableCredential.validFrom",
      "short" : "Valid From",
      "definition" : "Valid From",
      "min" : 0,
      "max" : "1",
      "type" : [{
        "code" : "dateTime"
      }]
    },
    {
      "id" : "VerifiableCredential.validUntil",
      "path" : "VerifiableCredential.validUntil",
      "short" : "Valid Until",
      "definition" : "Valid Until",
      "min" : 0,
      "max" : "1",
      "type" : [{
        "code" : "dateTime"
      }]
    }]
  }
}