<?xml version="1.0" encoding="UTF-8"?>

<StructureDefinition xmlns="http://hl7.org/fhir">
  <id value="VerifiableCredentialSubjectBundle"/>
  <text>
    <status value="extensions"/><div xmlns="http://www.w3.org/1999/xhtml"><table border="0" cellpadding="0" cellspacing="0" style="border: 0px #F0F0F0 solid; font-size: 11px; font-family: verdana; vertical-align: top;"><tr style="border: 1px #F0F0F0 solid; font-size: 11px; font-family: verdana; vertical-align: top"><th style="vertical-align: top; text-align : left; background-color: white; border: 0px #F0F0F0 solid; padding:0px 4px 0px 4px" class="hierarchy"><a href="https://build.fhir.org/ig/FHIR/ig-guidance/readingIgs.html#table-views" title="The logical name of the element">Name</a></th><th style="vertical-align: top; text-align : left; background-color: white; border: 0px #F0F0F0 solid; padding:0px 4px 0px 4px" class="hierarchy"><a href="https://build.fhir.org/ig/FHIR/ig-guidance/readingIgs.html#table-views" title="Information about the use of the element">Flags</a></th><th style="vertical-align: top; text-align : left; background-color: white; border: 0px #F0F0F0 solid; padding:0px 4px 0px 4px" class="hierarchy"><a href="https://build.fhir.org/ig/FHIR/ig-guidance/readingIgs.html#table-views" title="Minimum and Maximum # of times the the element can appear in the instance">Card.</a></th><th style="width: 100px" class="hierarchy"><a href="https://build.fhir.org/ig/FHIR/ig-guidance/readingIgs.html#table-views" title="Reference to the type of the element">Type</a></th><th style="vertical-align: top; text-align : left; background-color: white; border: 0px #F0F0F0 solid; padding:0px 4px 0px 4px" class="hierarchy"><a href="https://build.fhir.org/ig/FHIR/ig-guidance/readingIgs.html#table-views" title="Additional information about the element">Description &amp; Constraints</a><span style="float: right"><a href="https://build.fhir.org/ig/FHIR/ig-guidance/readingIgs.html#table-views" title="Legend for this format"><img src="http://hl7.org/fhir/R4/help16.png" alt="doco" style="background-color: inherit"/></a></span></th></tr><tr style="border: 0px #F0F0F0 solid; padding:0px; vertical-align: top; background-color: white"><td style="vertical-align: top; text-align : left; background-color: white; border: 0px #F0F0F0 solid; padding:0px 4px 0px 4px; white-space: nowrap; background-image: url(tbl_bck1.png)" class="hierarchy"><img src="tbl_spacer.png" alt="." style="background-color: inherit" class="hierarchy"/><img src="icon_element.gif" alt="." style="background-color: white; background-color: inherit" title="Element" class="hierarchy"/> <a href="StructureDefinition-VerifiableCredentialSubjectBundle-definitions.html#VerifiableCredentialSubjectBundle" title="Logical Model for Verifiable Credential Subject - FHIR Bundle">VerifiableCredentialSubjectBundle</a><a name="VerifiableCredentialSubjectBundle"> </a></td><td style="vertical-align: top; text-align : left; background-color: white; border: 0px #F0F0F0 solid; padding:0px 4px 0px 4px" class="hierarchy"/><td style="vertical-align: top; text-align : left; background-color: white; border: 0px #F0F0F0 solid; padding:0px 4px 0px 4px" class="hierarchy"><span style="opacity: 0.5">0</span><span style="opacity: 0.5">..</span><span style="opacity: 0.5">*</span></td><td style="vertical-align: top; text-align : left; background-color: white; border: 0px #F0F0F0 solid; padding:0px 4px 0px 4px" class="hierarchy"><a href="StructureDefinition-VerifiableCredentialSubject.html">VerifiableCredentialSubject</a></td><td style="vertical-align: top; text-align : left; background-color: white; border: 0px #F0F0F0 solid; padding:0px 4px 0px 4px" class="hierarchy">Logical Model for Verifiable Credential Subject - FHIR Bundle</td></tr>
<tr style="border: 0px #F0F0F0 solid; padding:0px; vertical-align: top; background-color: #F7F7F7"><td style="vertical-align: top; text-align : left; background-color: #F7F7F7; border: 0px #F0F0F0 solid; padding:0px 4px 0px 4px; white-space: nowrap; background-image: url(tbl_bck10.png)" class="hierarchy"><img src="tbl_spacer.png" alt="." style="background-color: inherit" class="hierarchy"/><img src="tbl_vjoin.png" alt="." style="background-color: inherit" class="hierarchy"/><img src="icon_primitive.png" alt="." style="background-color: #F7F7F7; background-color: inherit" title="Primitive Data Type" class="hierarchy"/> <a href="StructureDefinition-VerifiableCredentialSubjectBundle-definitions.html#VerifiableCredentialSubjectBundle.fhirVersion" title="FHIR Version">fhirVersion</a><a name="VerifiableCredentialSubjectBundle.fhirVersion"> </a></td><td style="vertical-align: top; text-align : left; background-color: #F7F7F7; border: 0px #F0F0F0 solid; padding:0px 4px 0px 4px" class="hierarchy"/><td style="vertical-align: top; text-align : left; background-color: #F7F7F7; border: 0px #F0F0F0 solid; padding:0px 4px 0px 4px" class="hierarchy">1..1</td><td style="vertical-align: top; text-align : left; background-color: #F7F7F7; border: 0px #F0F0F0 solid; padding:0px 4px 0px 4px" class="hierarchy"><a href="http://hl7.org/fhir/R4/datatypes.html#string">string</a></td><td style="vertical-align: top; text-align : left; background-color: #F7F7F7; border: 0px #F0F0F0 solid; padding:0px 4px 0px 4px" class="hierarchy">FHIR Version</td></tr>
<tr style="border: 0px #F0F0F0 solid; padding:0px; vertical-align: top; background-color: white"><td style="vertical-align: top; text-align : left; background-color: white; border: 0px #F0F0F0 solid; padding:0px 4px 0px 4px; white-space: nowrap; background-image: url(tbl_bck00.png)" class="hierarchy"><img src="tbl_spacer.png" alt="." style="background-color: inherit" class="hierarchy"/><img src="tbl_vjoin_end.png" alt="." style="background-color: inherit" class="hierarchy"/><img src="icon_resource.png" alt="." style="background-color: white; background-color: inherit" title="Resource" class="hierarchy"/> <a href="StructureDefinition-VerifiableCredentialSubjectBundle-definitions.html#VerifiableCredentialSubjectBundle.fhirBundle" title="FHIR Bundle">fhirBundle</a><a name="VerifiableCredentialSubjectBundle.fhirBundle"> </a></td><td style="vertical-align: top; text-align : left; background-color: white; border: 0px #F0F0F0 solid; padding:0px 4px 0px 4px" class="hierarchy"/><td style="vertical-align: top; text-align : left; background-color: white; border: 0px #F0F0F0 solid; padding:0px 4px 0px 4px" class="hierarchy">1..1</td><td style="vertical-align: top; text-align : left; background-color: white; border: 0px #F0F0F0 solid; padding:0px 4px 0px 4px" class="hierarchy"><a href="http://hl7.org/fhir/R4/bundle.html">Bundle</a></td><td style="vertical-align: top; text-align : left; background-color: white; border: 0px #F0F0F0 solid; padding:0px 4px 0px 4px" class="hierarchy">FHIR Bundle</td></tr>
<tr><td colspan="5" class="hierarchy"><br/><a href="https://build.fhir.org/ig/FHIR/ig-guidance/readingIgs.html#table-views" title="Legend for this format"><img src="http://hl7.org/fhir/R4/help16.png" alt="doco" style="background-color: inherit"/> Documentation for this format</a></td></tr></table></div>
  </text>
  <url value="http://litlfred.github.io/ig-vcs/StructureDefinition/VerifiableCredentialSubjectBundle"/>
  <version value="0.2.1"/>
  <name value="VerifiableCredentialSubjectBundle"/>
  <title value="Logical Model for Verifiable Credential Subject - FHIR Bundle"/>
  <status value="draft"/>
  <date value="2023-01-10T13:29:46+00:00"/>
  <publisher value="WHO"/>
  <contact>
    <name value="WHO"/>
    <telecom>
      <system value="url"/>
      <value value="http://who.int"/>
    </telecom>
  </contact>
  <description value="Logical Model for Verifiable Credential Subject - FHIR Bundle"/>
  <jurisdiction>
    <coding>
      <system value="http://unstats.un.org/unsd/methods/m49/m49.htm"/>
      <code value="001"/>
    </coding>
  </jurisdiction>
  <fhirVersion value="4.0.1"/>
  <mapping>
    <identity value="rim"/>
    <uri value="http://hl7.org/v3"/>
    <name value="RIM Mapping"/>
  </mapping>
  <kind value="logical"/>
  <abstract value="false"/>
  <type value="http://litlfred.github.io/ig-vcs/StructureDefinition/VerifiableCredentialSubjectBundle"/>
  <baseDefinition value="http://litlfred.github.io/ig-vcs/StructureDefinition/VerifiableCredentialSubject"/>
  <derivation value="specialization"/>
  <snapshot>
    <element id="VerifiableCredentialSubjectBundle">
      <path value="VerifiableCredentialSubjectBundle"/>
      <short value="Logical Model for Verifiable Credential Subject - FHIR Bundle"/>
      <definition value="Logical Model for Verifiable Credential Subject - FHIR Bundle"/>
      <min value="0"/>
      <max value="*"/>
      <base>
        <path value="Base"/>
        <min value="0"/>
        <max value="*"/>
      </base>
      <isModifier value="false"/>
    </element>
    <element id="VerifiableCredentialSubjectBundle.id">
      <path value="VerifiableCredentialSubjectBundle.id"/>
      <short value="Identifier"/>
      <definition value="Identifier for the subject"/>
      <min value="0"/>
      <max value="1"/>
      <base>
        <path value="VerifiableCredentialSubject.id"/>
        <min value="0"/>
        <max value="1"/>
      </base>
      <type>
        <code value="uri"/>
      </type>
    </element>
    <element id="VerifiableCredentialSubjectBundle.fhirVersion">
      <path value="VerifiableCredentialSubjectBundle.fhirVersion"/>
      <short value="FHIR Version"/>
      <definition value="FHIR Version"/>
      <min value="1"/>
      <max value="1"/>
      <base>
        <path value="VerifiableCredentialSubjectBundle.fhirVersion"/>
        <min value="1"/>
        <max value="1"/>
      </base>
      <type>
        <code value="string"/>
      </type>
    </element>
    <element id="VerifiableCredentialSubjectBundle.fhirBundle">
      <path value="VerifiableCredentialSubjectBundle.fhirBundle"/>
      <short value="FHIR Bundle"/>
      <definition value="FHIR Bundle"/>
      <min value="1"/>
      <max value="1"/>
      <base>
        <path value="VerifiableCredentialSubjectBundle.fhirBundle"/>
        <min value="1"/>
        <max value="1"/>
      </base>
      <type>
        <code value="Bundle"/>
      </type>
    </element>
  </snapshot>
  <differential>
    <element id="VerifiableCredentialSubjectBundle">
      <path value="VerifiableCredentialSubjectBundle"/>
      <short value="Logical Model for Verifiable Credential Subject - FHIR Bundle"/>
      <definition value="Logical Model for Verifiable Credential Subject - FHIR Bundle"/>
    </element>
    <element id="VerifiableCredentialSubjectBundle.fhirVersion">
      <path value="VerifiableCredentialSubjectBundle.fhirVersion"/>
      <short value="FHIR Version"/>
      <definition value="FHIR Version"/>
      <min value="1"/>
      <max value="1"/>
      <type>
        <code value="string"/>
      </type>
    </element>
    <element id="VerifiableCredentialSubjectBundle.fhirBundle">
      <path value="VerifiableCredentialSubjectBundle.fhirBundle"/>
      <short value="FHIR Bundle"/>
      <definition value="FHIR Bundle"/>
      <min value="1"/>
      <max value="1"/>
      <type>
        <code value="Bundle"/>
      </type>
    </element>
  </differential>
</StructureDefinition>