"Id","Path","Slice Name","Alias(s)","Label","Min","Max","Must Support?","Is Modifier?","Is Summary?","Type(s)","Short","Definition","Comments","Requirements","Default Value","Meaning When Missing","Fixed Value","Pattern","Example","Minimum Value","Maximum Value","Maximum Length","Binding Strength","Binding Description","Binding Value Set","Code","Slicing Discriminator","Slicing Description","Slicing Ordered","Slicing Rules","Base Path","Base Min","Base Max","Condition(s)","Constraint(s)","Mapping: RIM Mapping"
"VerifiableCredentialSubjectBundle","VerifiableCredentialSubjectBundle","","","",0,*,"","","","null {[]} {[]}
","Logical Model for Verifiable Credential Subject - FHIR Bundle","Logical Model for Verifiable Credential Subject - FHIR Bundle","","","","","","","","","",,,,,"",,,,"Base",0,*,"",""
"VerifiableCredentialSubjectBundle.id","VerifiableCredentialSubjectBundle.id","","","",0,1,"","","","uri {[]} {[]}
","Identifier","Identifier for the subject","","","","","","","","","",,,,,"",,,,"VerifiableCredentialSubject.id",0,1,"",""
"VerifiableCredentialSubjectBundle.fhirVersion","VerifiableCredentialSubjectBundle.fhirVersion","","","",1,1,"","","","string {[]} {[]}
","FHIR Version","FHIR Version","","","","","","","","","",,,,,"",,,,"VerifiableCredentialSubjectBundle.fhirVersion",1,1,"",""
"VerifiableCredentialSubjectBundle.fhirBundle","VerifiableCredentialSubjectBundle.fhirBundle","","","",1,1,"","","","Bundle {[]} {[]}
","FHIR Bundle","FHIB Bundle","","","","","","","","","",,,,,"",,,,"VerifiableCredentialSubjectBundle.fhirBundle",1,1,"",""
