{"resourceType":"StructureDefinition","id":"VerifiableCredentialSubjectBundle","text":{"status":"extensions","div":"<div xmlns=\"http://www.w3.org/1999/xhtml\"><table border=\"0\" cellpadding=\"0\" cellspacing=\"0\" style=\"border: 0px #F0F0F0 solid; font-size: 11px; font-family: verdana; vertical-align: top;\"><tr style=\"border: 1px #F0F0F0 solid; font-size: 11px; font-family: verdana; vertical-align: top\"><th style=\"vertical-align: top; text-align : left; background-color: white; border: 0px #F0F0F0 solid; padding:0px 4px 0px 4px\" class=\"hierarchy\"><a href=\"https://build.fhir.org/ig/FHIR/ig-guidance/readingIgs.html#table-views\" title=\"The logical name of the element\">Name</a></th><th style=\"vertical-align: top; text-align : left; background-color: white; border: 0px #F0F0F0 solid; padding:0px 4px 0px 4px\" class=\"hierarchy\"><a href=\"https://build.fhir.org/ig/FHIR/ig-guidance/readingIgs.html#table-views\" title=\"Information about the use of the element\">Flags</a></th><th style=\"vertical-align: top; text-align : left; background-color: white; border: 0px #F0F0F0 solid; padding:0px 4px 0px 4px\" class=\"hierarchy\"><a href=\"https://build.fhir.org/ig/FHIR/ig-guidance/readingIgs.html#table-views\" title=\"Minimum and Maximum # of times the the element can appear in the instance\">Card.</a></th><th style=\"width: 100px\" class=\"hierarchy\"><a href=\"https://build.fhir.org/ig/FHIR/ig-guidance/readingIgs.html#table-views\" title=\"Reference to the type of the element\">Type</a></th><th style=\"vertical-align: top; text-align : left; background-color: white; border: 0px #F0F0F0 solid; padding:0px 4px 0px 4px\" class=\"hierarchy\"><a href=\"https://build.fhir.org/ig/FHIR/ig-guidance/readingIgs.html#table-views\" title=\"Additional information about the element\">Description &amp; Constraints</a><span style=\"float: right\"><a href=\"https://build.fhir.org/ig/FHIR/ig-guidance/readingIgs.html#table-views\" title=\"Legend for this format\"><img src=\"http://hl7.org/fhir/R4/help16.png\" alt=\"doco\" style=\"background-color: inherit\"/></a></span></th></tr><tr style=\"border: 0px #F0F0F0 solid; padding:0px; vertical-align: top; background-color: white\"><td style=\"vertical-align: top; text-align : left; background-color: white; border: 0px #F0F0F0 solid; padding:0px 4px 0px 4px; white-space: nowrap; background-image: url(tbl_bck1.png)\" class=\"hierarchy\"><img src=\"tbl_spacer.png\" alt=\".\" style=\"background-color: inherit\" class=\"hierarchy\"/><img src=\"icon_element.gif\" alt=\".\" style=\"background-color: white; background-color: inherit\" title=\"Element\" class=\"hierarchy\"/> <a href=\"StructureDefinition-VerifiableCredentialSubjectBundle-definitions.html#VerifiableCredentialSubjectBundle\" title=\"Logical Model for Verifiable Credential Subject - FHIR Bundle\">VerifiableCredentialSubjectBundle</a><a name=\"VerifiableCredentialSubjectBundle\"> </a></td><td style=\"vertical-align: top; text-align : left; background-color: white; border: 0px #F0F0F0 solid; padding:0px 4px 0px 4px\" class=\"hierarchy\"/><td style=\"vertical-align: top; text-align : left; background-color: white; border: 0px #F0F0F0 solid; padding:0px 4px 0px 4px\" class=\"hierarchy\"><span style=\"opacity: 0.5\">0</span><span style=\"opacity: 0.5\">..</span><span style=\"opacity: 0.5\">*</span></td><td style=\"vertical-align: top; text-align : left; background-color: white; border: 0px #F0F0F0 solid; padding:0px 4px 0px 4px\" class=\"hierarchy\"><a href=\"StructureDefinition-VerifiableCredentialSubject.html\">VerifiableCredentialSubject</a></td><td style=\"vertical-align: top; text-align : left; background-color: white; border: 0px #F0F0F0 solid; padding:0px 4px 0px 4px\" class=\"hierarchy\">Logical Model for Verifiable Credential Subject - FHIR Bundle</td></tr>\r\n<tr style=\"border: 0px #F0F0F0 solid; padding:0px; vertical-align: top; background-color: #F7F7F7\"><td style=\"vertical-align: top; text-align : left; background-color: #F7F7F7; border: 0px #F0F0F0 solid; padding:0px 4px 0px 4px; white-space: nowrap; background-image: url(tbl_bck10.png)\" class=\"hierarchy\"><img src=\"tbl_spacer.png\" alt=\".\" style=\"background-color: inherit\" class=\"hierarchy\"/><img src=\"tbl_vjoin.png\" alt=\".\" style=\"background-color: inherit\" class=\"hierarchy\"/><img src=\"icon_primitive.png\" alt=\".\" style=\"background-color: #F7F7F7; background-color: inherit\" title=\"Primitive Data Type\" class=\"hierarchy\"/> <a href=\"StructureDefinition-VerifiableCredentialSubjectBundle-definitions.html#VerifiableCredentialSubjectBundle.fhirVersion\" title=\"FHIR Version\">fhirVersion</a><a name=\"VerifiableCredentialSubjectBundle.fhirVersion\"> </a></td><td style=\"vertical-align: top; text-align : left; background-color: #F7F7F7; border: 0px #F0F0F0 solid; padding:0px 4px 0px 4px\" class=\"hierarchy\"/><td style=\"vertical-align: top; text-align : left; background-color: #F7F7F7; border: 0px #F0F0F0 solid; padding:0px 4px 0px 4px\" class=\"hierarchy\">1..1</td><td style=\"vertical-align: top; text-align : left; background-color: #F7F7F7; border: 0px #F0F0F0 solid; padding:0px 4px 0px 4px\" class=\"hierarchy\"><a href=\"http://hl7.org/fhir/R4/datatypes.html#string\">string</a></td><td style=\"vertical-align: top; text-align : left; background-color: #F7F7F7; border: 0px #F0F0F0 solid; padding:0px 4px 0px 4px\" class=\"hierarchy\">FHIR Version</td></tr>\r\n<tr style=\"border: 0px #F0F0F0 solid; padding:0px; vertical-align: top; background-color: white\"><td style=\"vertical-align: top; text-align : left; background-color: white; border: 0px #F0F0F0 solid; padding:0px 4px 0px 4px; white-space: nowrap; background-image: url(tbl_bck00.png)\" class=\"hierarchy\"><img src=\"tbl_spacer.png\" alt=\".\" style=\"background-color: inherit\" class=\"hierarchy\"/><img src=\"tbl_vjoin_end.png\" alt=\".\" style=\"background-color: inherit\" class=\"hierarchy\"/><img src=\"icon_resource.png\" alt=\".\" style=\"background-color: white; background-color: inherit\" title=\"Resource\" class=\"hierarchy\"/> <a href=\"StructureDefinition-VerifiableCredentialSubjectBundle-definitions.html#VerifiableCredentialSubjectBundle.fhirBundle\" title=\"FHIB Bundle\">fhirBundle</a><a name=\"VerifiableCredentialSubjectBundle.fhirBundle\"> </a></td><td style=\"vertical-align: top; text-align : left; background-color: white; border: 0px #F0F0F0 solid; padding:0px 4px 0px 4px\" class=\"hierarchy\"/><td style=\"vertical-align: top; text-align : left; background-color: white; border: 0px #F0F0F0 solid; padding:0px 4px 0px 4px\" class=\"hierarchy\">1..1</td><td style=\"vertical-align: top; text-align : left; background-color: white; border: 0px #F0F0F0 solid; padding:0px 4px 0px 4px\" class=\"hierarchy\"><a href=\"http://hl7.org/fhir/R4/bundle.html\">Bundle</a></td><td style=\"vertical-align: top; text-align : left; background-color: white; border: 0px #F0F0F0 solid; padding:0px 4px 0px 4px\" class=\"hierarchy\">FHIR Bundle</td></tr>\r\n<tr><td colspan=\"5\" class=\"hierarchy\"><br/><a href=\"https://build.fhir.org/ig/FHIR/ig-guidance/readingIgs.html#table-views\" title=\"Legend for this format\"><img src=\"http://hl7.org/fhir/R4/help16.png\" alt=\"doco\" style=\"background-color: inherit\"/> Documentation for this format</a></td></tr></table></div>"},"url":"http://litlfred.github.io/iv-vcs/StructureDefinition/VerifiableCredentialSubjectBundle","version":"0.2.1","name":"VerifiableCredentialSubjectBundle","title":"Logical Model for Verifiable Credential Subject - FHIR Bundle","status":"draft","date":"2022-12-25T17:31:41+00:00","publisher":"WHO","contact":[{"name":"WHO","telecom":[{"system":"url","value":"http://who.int"}]}],"description":"Logical Model for Verifiable Credential Subject - FHIR Bundle","jurisdiction":[{"coding":[{"system":"http://unstats.un.org/unsd/methods/m49/m49.htm","code":"001"}]}],"fhirVersion":"4.0.1","mapping":[{"identity":"rim","uri":"http://hl7.org/v3","name":"RIM Mapping"}],"kind":"logical","abstract":false,"type":"http://litlfred.github.io/iv-vcs/StructureDefinition/VerifiableCredentialSubjectBundle","baseDefinition":"http://litlfred.github.io/iv-vcs/StructureDefinition/VerifiableCredentialSubject","derivation":"specialization","snapshot":{"element":[{"id":"VerifiableCredentialSubjectBundle","path":"VerifiableCredentialSubjectBundle","short":"Logical Model for Verifiable Credential Subject - FHIR Bundle","definition":"Logical Model for Verifiable Credential Subject - FHIR Bundle","min":0,"max":"*","base":{"path":"Base","min":0,"max":"*"},"isModifier":false},{"id":"VerifiableCredentialSubjectBundle.id","path":"VerifiableCredentialSubjectBundle.id","short":"Identifier","definition":"Identifier for the subject","min":0,"max":"1","base":{"path":"VerifiableCredentialSubject.id","min":0,"max":"1"},"type":[{"code":"uri"}]},{"id":"VerifiableCredentialSubjectBundle.fhirVersion","path":"VerifiableCredentialSubjectBundle.fhirVersion","short":"FHIR Version","definition":"FHIR Version","min":1,"max":"1","base":{"path":"VerifiableCredentialSubjectBundle.fhirVersion","min":1,"max":"1"},"type":[{"code":"string"}]},{"id":"VerifiableCredentialSubjectBundle.fhirBundle","path":"VerifiableCredentialSubjectBundle.fhirBundle","short":"FHIR Bundle","definition":"FHIB Bundle","min":1,"max":"1","base":{"path":"VerifiableCredentialSubjectBundle.fhirBundle","min":1,"max":"1"},"type":[{"code":"Bundle"}]}]},"differential":{"element":[{"id":"VerifiableCredentialSubjectBundle","path":"VerifiableCredentialSubjectBundle","short":"Logical Model for Verifiable Credential Subject - FHIR Bundle","definition":"Logical Model for Verifiable Credential Subject - FHIR Bundle"},{"id":"VerifiableCredentialSubjectBundle.fhirVersion","path":"VerifiableCredentialSubjectBundle.fhirVersion","short":"FHIR Version","definition":"FHIR Version","min":1,"max":"1","type":[{"code":"string"}]},{"id":"VerifiableCredentialSubjectBundle.fhirBundle","path":"VerifiableCredentialSubjectBundle.fhirBundle","short":"FHIR Bundle","definition":"FHIB Bundle","min":1,"max":"1","type":[{"code":"Bundle"}]}]}}