"Id","Path","Slice Name","Alias(s)","Label","Min","Max","Must Support?","Is Modifier?","Is Summary?","Type(s)","Short","Definition","Comments","Requirements","Default Value","Meaning When Missing","Fixed Value","Pattern","Example","Minimum Value","Maximum Value","Maximum Length","Binding Strength","Binding Description","Binding Value Set","Code","Slicing Discriminator","Slicing Description","Slicing Ordered","Slicing Rules","Base Path","Base Min","Base Max","Condition(s)","Constraint(s)","Mapping: RIM Mapping"
"VerifiableCredentialStatus","VerifiableCredentialStatus","","","",0,*,"","","","","Logical Model for Verifiable Credential Status","Logical Model for Verifiable Credential Status","","","","","","","","","",,,,,"",,,,"Base",0,*,"",""
"VerifiableCredentialStatus.id","VerifiableCredentialStatus.id","","","",1,1,"","","","uri {[]} {[]}
","Identifier","Identifier for the status","","","","","","","","","",,,,,"",,,,"VerifiableCredentialStatus.id",1,1,"",""
"VerifiableCredentialStatus.type","VerifiableCredentialStatus.type","","","",1,1,"","","","code {[]} {[]}
","Type","Status Type","","","","","","","","","",,,,,"",,,,"VerifiableCredentialStatus.type",1,1,"",""
