"Id","Path","Slice Name","Alias(s)","Label","Min","Max","Must Support?","Is Modifier?","Is Summary?","Type(s)","Short","Definition","Comments","Requirements","Default Value","Meaning When Missing","Fixed Value","Pattern","Example","Minimum Value","Maximum Value","Maximum Length","Binding Strength","Binding Description","Binding Value Set","Code","Slicing Discriminator","Slicing Description","Slicing Ordered","Slicing Rules","Base Path","Base Min","Base Max","Condition(s)","Constraint(s)","Mapping: RIM Mapping"
"VerifiableCredentialRefreshService","VerifiableCredentialRefreshService","","","",0,*,"","","","","Logical Model for Verifiable Refresh Service","Logical Model for Verifiable Refresh Service","","","","","","","","","",,,,,"",,,,"Base",0,*,"",""
"VerifiableCredentialRefreshService.id","VerifiableCredentialRefreshService.id","","","",1,1,"","","","uri {[]} {[]}
","Identifier","Identifier for the status","","","","","","","","","",,,,,"",,,,"VerifiableCredentialRefreshService.id",1,1,"",""
"VerifiableCredentialRefreshService.type","VerifiableCredentialRefreshService.type","","","",1,1,"","","","code {[]} {[]}
","Type","Refresh Service Type","","","","","","","","","",,,,,"",,,,"VerifiableCredentialRefreshService.type",1,1,"",""
