{"resourceType":"ValueSet","id":"verfiable-credential-type","text":{"status":"generated","div":"<div xmlns=\"http://www.w3.org/1999/xhtml\"><ul><li>Include these codes as defined in <code>https://www.w3.org/2018/credentials/v1</code><table class=\"none\"><tr><td style=\"white-space:nowrap\"><b>Code</b></td><td><b>Display</b></td></tr><tr><td>VC</td><td>Verifiable Credential</td></tr></table></li></ul></div>"},"url":"http://worldhealthorganization.github.io/smart-ig-empty/ValueSet/verfiable-credential-type","version":"0.2.1","name":"VerifiableCredentualType","title":"Types of Verifiable Credenitals","status":"draft","date":"2023-01-10T13:29:07+00:00","publisher":"WHO","contact":[{"name":"WHO","telecom":[{"system":"url","value":"http://who.int"}]}],"description":"Types of Verifiable Credenitals","jurisdiction":[{"coding":[{"system":"http://unstats.un.org/unsd/methods/m49/m49.htm","code":"001"}]}],"compose":{"include":[{"system":"https://www.w3.org/2018/credentials/v1","concept":[{"code":"VC","display":"Verifiable Credential"}]}]}}