"Id","Path","Slice Name","Alias(s)","Label","Min","Max","Must Support?","Is Modifier?","Is Summary?","Type(s)","Short","Definition","Comments","Requirements","Default Value","Meaning When Missing","Fixed Value","Pattern","Example","Minimum Value","Maximum Value","Maximum Length","Binding Strength","Binding Description","Binding Value Set","Code","Slicing Discriminator","Slicing Description","Slicing Ordered","Slicing Rules","Base Path","Base Min","Base Max","Condition(s)","Constraint(s)","Mapping: RIM Mapping"
"VerifiableCredentialProof","VerifiableCredentialProof","","","",0,*,"","","","null {[]} {[]}
","Logical Model for Verifiable Credential Proof","Logical Model for Verifiable Credential Proof","","","","","","","","","",,,,,"",,,,"Base",0,*,"",""
"VerifiableCredentialProof.type","VerifiableCredentialProof.type","","","",1,1,"","","","string {[]} {[]}
","Type","Type of proof","","","","","","","","","",,,,,"",,,,"VerifiableCredentialProof.type",1,1,"",""
