"Id","Path","Slice Name","Alias(s)","Label","Min","Max","Must Support?","Is Modifier?","Is Summary?","Type(s)","Short","Definition","Comments","Requirements","Default Value","Meaning When Missing","Fixed Value","Pattern","Example","Minimum Value","Maximum Value","Maximum Length","Binding Strength","Binding Description","Binding Value Set","Code","Slicing Discriminator","Slicing Description","Slicing Ordered","Slicing Rules","Base Path","Base Min","Base Max","Condition(s)","Constraint(s)","Mapping: RIM Mapping"
"VerifiableCredentialTermsOfUse","VerifiableCredentialTermsOfUse","","","",0,*,"","","","null {[]} {[]}
","Logical Model for Verifiable Credential Terms of Use","Logical Model for Verifiable Credential Terms of Use","","","","","","","","","",,,,,"",,,,"Base",0,*,"",""
"VerifiableCredentialTermsOfUse.id","VerifiableCredentialTermsOfUse.id","","","",1,1,"","","","uri {[]} {[]}
","Identifier","Identifier for the type","","","","","","","","","",,,,,"",,,,"VerifiableCredentialTermsOfUse.id",1,1,"",""
"VerifiableCredentialTermsOfUse.type","VerifiableCredentialTermsOfUse.type","","","",1,1,"","","","code {[]} {[]}
","Type","Status Type","","","","","","","","","",,,,,"",,,,"VerifiableCredentialTermsOfUse.type",1,1,"",""
